crop,disease_name,scientific_name,common_local_name,affected_plant_part,symptoms,cause_type,pathogen_organism,environmental_conditions,season,geographical_relevance,south_indian_states,severity,prevention,management,source,source_url,source_type,verification_status
Tomato,Early Blight,Alternaria solani,"Kooda tegulu (Telugu), Karukal noi (Tamil), Munchina Angamari (Kannada)","Lower foliage, stems, developing fruits",Dark brown circular spots with characteristic concentric rings creating a target-board pattern; leaves yellow and drop prematurely.,Fungal,Alternaria solani,Warm temperatures (24-30°C) with alternating wet and dry weather; prolonged dew periods.,Kharif and Post-Monsoon / Rabi,Widespread across all tomato tracts in South India,"Karnataka, Tamil Nadu, Andhra Pradesh, Telangana",Moderate to High,Use certified pathogen-free seeds; treat seed with Trichoderma viride @ 4g/kg; practice 3-year crop rotation with non-solanaceous crops.,Foliar spray of Mancozeb 75% WP @ 2g/L or Chlorothalonil 75% WP @ 2g/L early morning upon first lesion observation.,TNAU Agritech Portal & UAS Bangalore Package of Practices,https://agritech.tnau.ac.in/crop_protection/crop_prot_crop%20diseases_veg_tomato.html,Agricultural University Package of Practices,VERIFIED
Tomato,Late Blight,Phytophthora infestans,"Kollai noi (Tamil), Angamari (Kannada)","Leaves, petiole, stem, green fruit",Water-soaked irregular pale green lesions on leaves rapidly turning dark brown/black; white fungal downy growth on leaf undersides under high humidity; rapid vine collapse.,Oomycete / Fungal,Phytophthora infestans,Cool temperatures (12-22°C) combined with high relative humidity (>90%) and continuous cloudy/rainy days.,Late Kharif / Winter (Rabi) in hilly and plateau tracts,"Hill tracts (Nilgiris, Dindigul hills) and winter plateau plains (Kolar, Belagavi, Madanapalle)","Tamil Nadu, Karnataka, Andhra Pradesh",Critical,Ensure good drainage; avoid overhead sprinkler irrigation; destroy infected volunteer tomato/potato plants.,Prophylactic spray of Mancozeb 75% WP @ 2.5g/L; curative spray of Metalaxyl 8% + Mancozeb 64% WP @ 2g/L or Cymoxanil 8% + Mancozeb 64% WP @ 2g/L.,ICAR-IIHR Bengaluru & TNAU Crop Protection,https://iihr.res.in,ICAR National Institute Research Guide,VERIFIED
Tomato,Bacterial Wilt,Ralstonia solanacearum,"Bacterial wilt, Soragu roga (Kannada), Pakkeeriya vadal (Tamil)","Vascular system, roots, lower stems",Rapid complete wilting of green plant without initial yellowing; vascular browning visible upon stem cross-section; bacterial streaming in clear water.,Bacterial,Ralstonia solanacearum,"High soil moisture, warm soil temperatures (30-35°C), acidic to neutral sandy loam soils.",Kharif and Summer,Endemic in coastal and high rainfall river plains,"Kerala, Karnataka, Tamil Nadu, Andhra Pradesh",Critical,"Grow wilt-resistant varieties/hybrids (e.g., Arka Abha, Arka Alok, Mukti, Sakthi); avoid planting in waterlogged soils; crop rotation with maize/paddy.",Soil drenching around healthy border plants with Copper Oxychloride 50% WP @ 2.5g/L + Streptocycline @ 0.1g/L; uproot and burn infected plants.,KAU Package of Practices & ICAR-IIHR,https://celkau.in/ecropdoctor/Crops.aspx,Agricultural University Package of Practices,VERIFIED
Tomato,Tomato Leaf Curl Virus,Tomato leaf curl New Delhi virus (ToLCNDV),"Ele muduru roga (Kannada), Ilai churul noi (Tamil), Aaku mudatha (Telugu)","Apical foliage, flowers",Upward curling and puckering of leaf margins; reduction in leaflet size; interveinal chlorosis; severe stunting and bushy appearance with flower dropping.,Viral (Begomovirus),Tomato leaf curl virus (vectored by Bemisia tabaci whitefly),Warm and dry weather favoring high whitefly reproduction and dispersal.,Summer and early Kharif,Ubiquitous in all South Indian semi-arid tracts,"Karnataka, Andhra Pradesh, Telangana, Tamil Nadu",Severe,"Plant virus-tolerant hybrids (e.g., Arka Rakshak, Arka Samrat); install yellow sticky traps (15/acre); cover nursery with 40-mesh insect net.",Control vector with systemic foliar sprays: Diafenthiuron 50% WP @ 1g/L or Acetamiprid 20% SP @ 0.2g/L; rogue out infected plants within first 30 days.,ICAR-IIHR & ANGRAU Vyavasaya Panchangam,https://iihr.res.in,ICAR National Institute Research Guide,VERIFIED
Paddy / Rice,Blast (Leaf and Neck Blast),Magnaporthe oryzae (Pyricularia oryzae),"Kollai / Kulir noi (Tamil), Benki roga (Kannada), Aggitegulu (Telugu)","Leaf blade, collar, node, panicle neck",Spindle-shaped elliptical eye spots with grey/whitish centers and dark brown margins; blackened rotten panicle neck causing chaffy grain heads (neck blast).,Fungal,Magnaporthe oryzae,"High relative humidity (>90%), night temperatures 20-24°C, prolonged dew, excessive nitrogen fertilizer.","Kuruvai/Samba in TN, Kharif/Rabi in AP/Telangana/Karnataka, Virippu/Mundakan in Kerala","Major endemic disease across Cauvery Delta, Godavari Delta, Coastal Karnataka, Kuttanad","Tamil Nadu, Andhra Pradesh, Telangana, Karnataka, Kerala, Puducherry",Critical,Avoid split excessive application of nitrogen; treat seeds with Carbendazim 50% WP @ 2g/kg or Tricyclazole 75% WP @ 1.5g/kg.,Spray Tricyclazole 75% WP @ 0.6g/L or Isoprothiolane 40% EC @ 1.5ml/L or Kasugamycin 3% SL @ 2.5ml/L at tillering and boot leaf stages.,ICAR-IIRR Hyderabad & TNAU Agritech Portal,https://icar-iirr.org,ICAR National Institute Research Guide,VERIFIED
Paddy / Rice,Bacterial Leaf Blight (BLB),Xanthomonas oryzae pv. oryzae,"Pakkeeriya noi (Tamil), Bakteeriyadinda banna roga (Kannada), Pakshika tegulu (Telugu)","Leaf tips and margins, vascular system",Water-soaked stripes starting at leaf tips and margins undulating downwards; turns straw-yellow to dirty white; bacterial oozes visible as tiny golden beads on dew mornings; kresek phase in seedlings.,Bacterial,Xanthomonas oryzae pv. oryzae,"Heavy rainfall, severe winds during cyclonic depressions, temperature 25-34°C, standing floodwater.",Late Kharif / Northeast Monsoon season,Severe in coastal flood-prone areas and deltaic tracts,"Tamil Nadu, Andhra Pradesh, Kerala, Karnataka, Puducherry",Severe,"Use resistant varieties (e.g., Improved Samba Mahsuri, ADT 43); avoid clipping of seedling tips during transplanting; drain standing water.",Spray Copper Oxychloride 50% WP @ 2.5g/L mixed with Streptocycline @ 0.1g/L; temporarily suspend nitrogen top-dressing.,ICAR-IIRR & ANGRAU Vyavasaya Panchangam,https://icar-iirr.org,ICAR National Institute Research Guide,VERIFIED
Paddy / Rice,Sheath Blight,Rhizoctonia solani,"Urai azhukal (Tamil), Sheath blight, Poda tegulu (Telugu)","Leaf sheath near water level, ascending to flag leaf",Greenish-grey oval or irregular water-soaked spots on leaf sheaths; lesions enlarge with bleached grey centers and dark reddish-brown borders; sclerotial bodies develop on lesions.,Fungal,Rhizoctonia solani,"Dense crop canopy, high relative humidity (85-100%), temperature 28-32°C, high doses of nitrogen.",Tillering to panicle initiation in all seasons,Intensively cultivated high-density irrigated rice fields,"Andhra Pradesh, Telangana, Tamil Nadu, Karnataka, Kerala",Severe,Maintain wider plant spacing (20x15 cm); apply balanced potash nutrition; destroy stubbles after harvest.,Foliar spray directed towards base of tillers: Hexaconazole 5% SC @ 2ml/L or Validamycin 3% L @ 2ml/L or Thifluzamide 24% SC @ 0.75ml/L.,TNAU Agritech Portal & KAU Package of Practices,https://agritech.tnau.ac.in,Agricultural University Package of Practices,VERIFIED
Chilli,Anthracnose / Fruit Rot & Dieback,Colletotrichum capsici (Colletotrichum truncatum),"Pazham azhukal (Tamil), Kudi tegulu / Kaya kulla (Telugu), Hannu kora (Kannada)","Ripe fruits, tender shoots, twigs","Sunken, circular to oval lesions with black concentric rings of fungal acervuli on ripe fruits; tips of branches wither, dry and turn ash grey downwards (dieback).",Fungal,Colletotrichum capsici,"Warm humid conditions (28-32°C, RH >80%) with intermittent rain showers during fruit ripening.",Rabi and late Kharif,"Major limiting factor in Guntur, Warangal, Byadagi, Ramanathapuram chilli tracts","Andhra Pradesh, Telangana, Karnataka, Tamil Nadu",Severe to Critical,Collect and burn mummified fruits; treat seed with Thiram @ 2g/kg or Trichoderma @ 6g/kg; avoid furrow water splash.,Spray Mancozeb 75% WP @ 2.5g/L or Azoxystrobin 23% SC @ 1ml/L or Difenoconazole 25% EC @ 1ml/L at 10-15 day intervals.,"ANGRAU Regional Agricultural Research Station (Lam, Guntur)",https://angrau.ac.in,Agricultural University Research Guide,VERIFIED
Chilli,Chilli Leaf Curl Complex,Chilli leaf curl virus (ChiLCV) & Thrips/Mite complex,"Muduru roga (Kannada), Murukku noi (Tamil), Bobbara tegulu (Telugu)","Terminal foliage, buds, flower stalks","Upward curling and canoeing of leaves (thrips/virus) or downward cupping with inverted boat shape (yellow mite); leaves turn leathery, brittle and crinkled.",Viral vector / Arthropod complex,ChiLCV (vectored by Whitefly) + Scirtothrips dorsalis + Polyphagotarsonemus latus,Prolonged dry spells with warm daytime temperatures (30-36°C) favoring sucking pest multiplication.,Post-transplanting throughout vegetative growth,Widespread across all southern dry zone chilli areas,"Andhra Pradesh, Telangana, Karnataka, Tamil Nadu",Severe,Erect barrier crops (3 rows of maize/sorghum around plot); install blue sticky traps (thrips) and yellow traps (whitefly) @ 15/acre each.,Spray Diafenthiuron 50% WP @ 1.25g/L or Fipronil 5% SC @ 2ml/L for thrips; Fenpyroximate 5% EC @ 1.5ml/L for mites; Acetamiprid 20% SP @ 0.2g/L for whitefly.,UAS Dharwad & TNAU Crop Protection,https://uasd.edu,Agricultural University Package of Practices,VERIFIED
Cotton,Bacterial Blight / Angular Leaf Spot / Blackarm,Xanthomonas citri pv. malvacearum,"Bacterial blight, Konal ilai karukal (Tamil), Kona tegulu (Telugu), Kona machhe (Kannada)","Cotyledons, leaf blades, petioles, stems, bolls",Angular water-soaked spots bounded by leaf veinlets; lesions turn brown to black; blackarm lesion girdles branches; circular water-soaked sunken spots on bolls.,Bacterial,Xanthomonas citri pv. malvacearum,"Warm humid conditions (25-30°C), intermittent rains and high wind speed during monsoon.",Kharif and early post-monsoon,"Cotton belts of North Karnataka, Rayalaseema, Western Tamil Nadu, Northern Telangana","Karnataka, Andhra Pradesh, Telangana, Tamil Nadu",Severe,Acid delinting of cottonseed with commercial sulphuric acid (100ml/kg); use resistant cultivars; destroy crop residues.,Foliar spray of Copper Oxychloride 50% WP @ 2.5g/L + Streptocycline @ 0.1g/L; repeat after 15 days if rainfall persists.,ICAR-CICR Regional Station Coimbatore & UAS Dharwad,https://cicr.icar.gov.in,ICAR National Institute Research Guide,VERIFIED
Cotton,Fusarium Wilt,Fusarium oxysporum f. sp. vasinfectum,"Soragu roga (Kannada), Vadal noi (Tamil), Vadi tegulu (Telugu)","Roots, vascular xylem system, lower leaves",Yellowing and browning along leaf margins extending inwards; wilting starts from lower leaves upwards; dark brown vascular discoloration inside peeled taproot.,Fungal,Fusarium oxysporum f. sp. vasinfectum,"Heavy black clay soils (Vertisols), soil temperature 25-28°C, root injury caused by nematodes.",Vegetative and flowering stages,"Deep black soils of Dharwad, Belagavi, Raichur, Adilabad, Warangal","Karnataka, Telangana, Andhra Pradesh, Tamil Nadu",Critical,Deep summer ploughing; soil solarization; seed treatment with Trichoderma viride @ 4-6g/kg seed; crop rotation with sorghum.,Spot drenching around early-wilted plants with Carbendazim 50% WP @ 1g/L; apply balanced potash to build plant cell wall thickness.,UAS Dharwad & TNAU Agritech Portal,https://uasd.edu,Agricultural University Package of Practices,VERIFIED
Sugarcane,Red Rot,Colletotrichum falcatum,"Sev azhukal (Tamil), Kempu kora (Kannada), Erra kulla tegulu (Telugu)","Internal stalk pith, midrib of leaves",Third or fourth leaf from top yellows and withers; split cane reveals internal tissue reddened with characteristic white transverse bands perpendicular to stalk; alcoholic odor.,Fungal,Colletotrichum falcatum,"Waterlogging, ill-drained alkaline soils, high humidity (>85%), monsoon water flow through fields.",Mid-season to maturity (Kharif/Rabi),"Endemic in coastal Tamil Nadu (Cuddalore), Andhra Pradesh, Belagavi and Mandya","Tamil Nadu, Andhra Pradesh, Karnataka, Telangana",Critical,Plant disease-free seed setts from certified nurseries; treat setts with Carbendazim 50% WP @ 1g/L (hot water or sett soak); avoid ratoon cropping in infected fields.,No chemical cure inside standing stalks once vascular rot is established; uproot and burn infected clumps; immediately drain standing water.,ICAR-Sugarcane Breeding Institute (SBI) Coimbatore,https://sugarcane.icar.gov.in,ICAR National Institute Research Guide,VERIFIED
Coconut,Basal Stem Rot / Tanjore Wilt,Ganoderma lucidum (Ganoderma applanatum),"Thanjavur vadal (Tamil), Anabe roga (Kannada), Ganoderma roga (Telugu)","Base of palm trunk (0 to 1.5m), root system","Exudation of dark reddish-brown gummy fluid from trunk base; basal bark decay; outer leaves yellow, droop and hang skirt-like around stem; bracket-shaped fungal fructifications (conks) emerge at trunk base.",Fungal,Ganoderma lucidum,"Light sandy and coastal red soils, prolonged drought followed by heavy rainfall, neglected palms.",Visible year-round; severe after monsoon rains,"Thanjavur, Tiruvarur, Nagapattinam (TN), coastal Karnataka, coastal AP","Tamil Nadu, Karnataka, Andhra Pradesh, Kerala, Puducherry",Critical,Isolate infected palm with 1m wide by 50cm deep isolation trenches; apply neem cake @ 5kg/palm/year enriched with Trichoderma harzianum @ 50g/palm.,Root feeding with Hexaconazole 5% SC (2ml in 100ml water) or Aureofungin-sol (2g) + Copper Sulphate (1g) in 100ml water at quarterly intervals.,ICAR-CPCRI Kasaragod & TNAU Coconut Portal,https://cpcri.gov.in,ICAR National Institute Research Guide,VERIFIED
Coconut,Bud Rot,Phytophthora palmivora,"Kuruth azhukal (Tamil/Malayalam), Kodu kora (Kannada)",Central spindle leaf and apical growing bud,"Central spindle leaf yellows, turns brown and rots; foul decaying odor from crown heart; spindle easily slips out upon gentle pull; death of palm if heart bud decays.",Oomycete / Fungal,Phytophthora palmivora,"Southwest monsoon season with continuous rain, cool breeze, relative humidity >95%, temperature 22-26°C.",Southwest monsoon (June to September),"High rainfall regions of Kerala, Coastal Karnataka, Nilgiris slopes","Kerala, Karnataka, Tamil Nadu",Critical,Prophylactic placement of perforated sachets containing Mancozeb (5g) or placement of Copper Oxychloride paste around crown before onset of monsoon.,"In early stages, cut away rotten tissues, clean crown and apply 10% Bordeaux paste; pour Bordeaux mixture 1% or Copper Oxychloride @ 3g/L into crown.",ICAR-CPCRI Kasaragod & KAU Agri-Infotech,https://cpcri.gov.in,ICAR National Institute Research Guide,VERIFIED
Maize / Corn,Maydis Leaf Blight / Southern Corn Leaf Blight,Bipolaris maydis (Cochliobolus heterostrophus),"Elai karukal (Tamil), Ele kollai (Kannada), Aaku macha (Telugu)","Leaves, leaf sheaths, ear husks",Small diamond-shaped to elongated rectangular lesions delimited by leaf veins; buff to brown centers with darker reddish borders; coalescing lesions cause complete leaf blight.,Fungal,Bipolaris maydis,"Warm, humid conditions (25-32°C) with persistent cloudiness and rain showers.",Kharif and early Rabi,"Intensively grown maize tracts of Haveri, Davangere, Karimnagar, Perambalur","Karnataka, Telangana, Andhra Pradesh, Tamil Nadu",Moderate to Severe,Grow resistant hybrid varieties; destroy previous crop stubbles; balanced nitrogen and potassium application.,Foliar spray of Mancozeb 75% WP @ 2.5g/L or Azoxystrobin 18.2% + Difenoconazole 11.4% SC @ 1ml/L at first disease onset.,ICAR-Indian Institute of Maize Research (IIMR) & UAS Bangalore,https://iimr.icar.gov.in,ICAR National Institute Research Guide,VERIFIED
Wheat,Black / Stem Rust,Puccinia graminis f. sp. tritici,"Kunkuma roga / Thuppa roga (Kannada), Kaatu noi (Tamil)","Stems, leaf sheaths, glumes","Reddish-brown elongated pustules (uredinia) that rupture epidermis exposing brown powdery spores; as plant matures, pustules turn black (telia).",Fungal,Puccinia graminis,Mild winter temperatures (20-25°C) followed by warm sunny days with morning dew.,Rabi (Winter season: December to February),"Northern Karnataka plateau (Dharwad, Belagavi, Vijayapura) wheat tracts","Karnataka, Northern Telangana",Severe to Critical,"Sow rust-resistant durum/bread wheat cultivars (e.g., UAS 304, DWR 162); avoid late sowing.",Foliar spray of Propiconazole 25% EC @ 1ml/L or Tebuconazole 25% WG @ 1g/L at appearance of first pustules.,UAS Dharwad Department of Plant Pathology,https://uasd.edu,Agricultural University Research Guide,VERIFIED
Coffee,Coffee Leaf Rust,Hemileia vastatrix,"Kaapi thuruve (Kannada), Kaappi thuru (Tamil/Malayalam)",Under-surface of mature coffee leaves,Pale yellow circular spots on upper surface; bright orange-yellow powdery pustules of uredospores on matching lower surface; severe defoliation and dieback of twigs.,Fungal,Hemileia vastatrix,"Optimum temperature 21-25°C, free water droplet on leaf for 4-6 hours, shaded humid environment.",Post-monsoon (August to November),"Western Ghats coffee zones: Kodagu, Chikmagalur, Hassan (Karnataka), Wayanad (Kerala), Nilgiris, Yercaud (TN)","Karnataka, Kerala, Tamil Nadu",Critical,"Maintain two-tier shade trees to prevent direct sunlight and dew pooling; plant rust-tolerant selections (S.795, Chandragiri).",Pre-monsoon (May/June) and post-monsoon (September/October) spray with 0.5% Bordeaux mixture or Triadimefon 25% WP @ 0.5g/L.,Central Coffee Research Institute (CCRI Balehonnur) / Coffee Board of India,https://coffeeboard.gov.in,Statutory Commodity Board Research Guide,VERIFIED
Tea,Blister Blight,Exobasidium vexans,"Koppala noi (Tamil/Malayalam), Ele koppala (Kannada)","Young tender leaves, succulent shoots, harvestable flushes",Circular pale yellow translucent spots on tender leaf blades; lesion bulges into concave blister on upper surface with corresponding white powdery convex velvet on lower surface; tender stem breakage.,Fungal,Exobasidium vexans,"Monsoon misty weather, daily sunshine <3.5 hours, relative humidity >85%, temperatures 18-24°C.",Southwest and Northeast Monsoon (June to December),"High elevation tea estates in Nilgiris, Anamallais (Valparai), Munnar, Wayanad","Tamil Nadu, Kerala",Critical,Regulate shade by lopping branches prior to monsoon; maintain strict plucking rounds (7-10 days).,Foliar spray of Copper Oxychloride 50% WP @ 2g/L + Hexaconazole 5% SC @ 1ml/L at 7-day plucking intervals during continuous mist.,UPASI Tea Research Institute (Valparai) & TNAU,https://upasi.org,Tea Research Institute Benchmark,VERIFIED
Rubber,Abnormal Leaf Fall,Phytophthora meadii (Phytophthora botryosa),"Akala elai kottal (Tamil), Elapozhichil (Malayalam)","Mature green leaves, petiole, green pods",Water-soaked lesion on leaf petiole with a drop of coagulated latex in center; green leaflets shed while still fresh; green fruit capsules rot and shrivel on branches.,Oomycete / Fungal,Phytophthora meadii,"Heavy southwest monsoon with continuous cloud cover, temperature 22-26°C, relative humidity near 100%.",Southwest monsoon (June to August),"Rubber tracts of Kottayam, Pathanamthitta, Ernakulam, Kozhikode, Kanyakumari","Kerala, Tamil Nadu",Critical,Aerial spraying or ground spraying using high-pressure sprayers with 1% Bordeaux mixture before monsoon onset (May).,Prophylactic spray of Copper Oxychloride in oil (oil-dispersible paste) using Micron sprayer before monsoon rains commence.,Rubber Research Institute of India (RRII Kottayam) / Rubber Board,https://rubberboard.gov.in,Statutory Commodity Board Research Guide,VERIFIED
Tobacco,Black Shank,Phytophthora nicotianae,"Black shank, Kari roga (Kannada), Karuppu thandu noi (Tamil)","Basal stem, taproot, lower leaves",Blackening and necrosis of stem at soil level (shank); internal stem pith splits into disc-like plates separated by empty gaps; leaves wilt rapidly.,Oomycete / Fungal,Phytophthora nicotianae,"Waterlogged fields, warm wet soils (28-32°C), poorly drained soils.",Kharif and early Rabi,"Mysuru-Hunsur FCV tobacco belt, Prakasam, Guntur, East/West Godavari","Karnataka, Andhra Pradesh",Severe to Critical,Crop rotation with non-host crops like paddy or maize; use disease-tolerant varieties; avoid deep cultivation that damages root collar.,Soil drenching around base with Metalaxyl 8% + Mancozeb 64% WP @ 2g/L or Bordeaux mixture 1% at transplanting.,ICAR-Central Tobacco Research Institute (CTRI Rajahmundry),https://ctri.icar.gov.in,ICAR National Institute Research Guide,VERIFIED
Black Pepper,Quick Wilt / Foot Rot,Phytophthora capsici,"Dhutha koodu (Malayalam), Vegavagi vadal (Tamil), Bega soragu roga (Kannada)","Collar region, root system, runner shoots, foliage",Dark blackish-brown lesion at collar region near ground; rapid foliar wilting without preliminary chlorosis; complete defoliation and vine collapse within 2 weeks.,Oomycete / Fungal,Phytophthora capsici,"Continuous heavy rainfall during southwest monsoon, soil saturation, temperature 22-28°C.",Southwest monsoon (June to August),"Wayanad, Idukki, Kannur (Kerala), Kodagu, Hassan, Uttara Kannada (Karnataka)","Kerala, Karnataka, Tamil Nadu",Critical,Phytosanitary trenching between vine rows; application of Trichoderma harzianum @ 50g/vine with FYM and neem cake; maintain drainage.,Foliar spray with Potassium Phosphonate (0.3%) and soil drenching with 1% Bordeaux mixture or Metalaxyl-Mancozeb @ 2g/L before and during monsoon.,ICAR-Indian Institute of Spices Research (IISR Kozhikode),https://spices.res.in,ICAR National Institute Research Guide,VERIFIED
Cardamom,Azhukal Disease / Capsule Rot,Phytophthora nicotianae var. nicotianae (Phytophthora meadii),"Azhukal noi (Tamil/Malayalam), Korakolu (Kannada)","Panicles, tender capsules, leaves",Water-soaked lesions on young capsules which turn dull brownish-black and rot with foul odor; infected capsules shed prematurely from panicle.,Oomycete / Fungal,Phytophthora nicotianae var. nicotianae,"Monsoon rains, high humidity (>95%), mist, wet forest canopy shade.",Southwest and Northeast Monsoon (June to November),"Cardamom Hills (Idukki), Wayanad, Kodagu, Hassan cardamom plantations","Kerala, Karnataka, Tamil Nadu",Critical,Remove dead mulch and trash around clumps prior to monsoon; thin excessive shade trees; spray biocontrol agents (Trichoderma viride).,Foliar and panicle spray with 1% Bordeaux mixture or Potassium Phosphonate @ 3ml/L; drench base of clump.,Indian Cardamom Research Institute (ICRI Myladumpara) & ICAR-IISR,https://spices.res.in,Spices Board Research Guide,VERIFIED
Turmeric,Leaf Spot,Colletotrichum curcumae,"Ilai pulli noi (Tamil), Ele machhe roga (Kannada), Aaku macha (Telugu)","Leaf blades, petiole",Elliptical to oblong brown spots with greyish-white centers and dark brown borders; yellow halo around spots; spots coalesce causing extensive drying of foliage.,Fungal,Colletotrichum curcumae,"Warm and humid conditions (26-30°C, RH >80%) with morning dew.",Post-monsoon (August to November),"Erode, Salem, Dharmapuri (TN), Nizamabad (Telangana), Chamarajanagar (Karnataka)","Tamil Nadu, Telangana, Andhra Pradesh, Karnataka",Moderate to Severe,Treat seed rhizomes with Mancozeb @ 3g/L for 30 minutes before planting; practice crop rotation.,Foliar spray with Mancozeb 75% WP @ 2.5g/L or Carbendazim 12% + Mancozeb 63% WP @ 2g/L or Azoxystrobin 23% SC @ 1ml/L.,TNAU Agritech Portal & PJTSAU Crop Manual,https://agritech.tnau.ac.in,Agricultural University Package of Practices,VERIFIED
Arecanut / Betel Nut,Fruit Rot / Koleroga / Mahali,Phytophthora meadii,"Koleroga (Kannada), Mahali (Tamil/Malayalam)","Tender and developing nuts, stalks, crown","Water-soaked dark green lesions near nut calyx; affected nuts rot, lose luster and shed in enormous quantities forming a green/brown carpet on ground; white mycelial mass coats shed nuts.",Oomycete / Fungal,Phytophthora meadii,"Continuous heavy torrential southwest monsoon, low temperatures (20-24°C), relative humidity >95%.",Southwest monsoon (June to September),"Malnad and Coastal Karnataka (Shivamogga, Uttara/Dakshina Kannada, Chikkamagaluru), Kasaragod (Kerala)","Karnataka, Kerala, Tamil Nadu",Critical,Tie protective polythene bags or areca frond covers (kotte) over nut bunches before monsoon onset; collect and burn fallen rotten nuts.,"Prophylactic spraying of 1% Bordeaux mixture with rosin soap resin adhesive onto nut bunches twice: first in late May/early June before monsoon, second 40-45 days later.",ICAR-CPCRI Regional Station Vittal & UAS Dharwad,https://cpcri.gov.in,ICAR National Institute Research Guide,VERIFIED
Cashew,Anthracnose and Inflorescence Blight,Colletotrichum gloeosporioides,"Inflorescence blight, Poongothu azhukal (Tamil), Hoogombe kora (Kannada)","Tender flushes, floral panicles, young nuts, cashew apples",Brown water-soaked necrotic lesions on floral panicles; drying and blackening of panicles (blight); black scabby lesions on tender cashew apples and developing nuts; gummy exudate on twigs.,Fungal,Colletotrichum gloeosporioides,"Heavy morning dew, relative humidity >85%, cloudy days during flushing and flowering.",Winter / Spring flowering season (December to March),"Coastal Karnataka, Kerala, coastal Tamil Nadu (Cuddalore, Ariyalur), coastal AP","Karnataka, Kerala, Tamil Nadu, Andhra Pradesh",Severe,Prune criss-cross and dead branches post-harvest to allow sunlight penetration; remove dried floral panicles.,Spray Bordeaux mixture 1% or Copper Oxychloride 50% WP @ 2.5g/L or Carbendazim 50% WP @ 1g/L at flushing and panicle emergence stages.,ICAR-Directorate of Cashew Research (DCR Puttur) & TNAU,https://cashew.icar.gov.in,ICAR National Institute Research Guide,VERIFIED
