crop,disease_id,canonical_name,scientific_name,causal_organism_type,primary_symptoms,severity,source_reference,verification_status
Tomato,early_blight,Early Blight,Alternaria solani,,Dark brown circular spots with characteristic concentric rings creating a target-board pattern; leaves yellow and drop prematurely.,Moderate to High,TNAU Agritech Portal & UAS Bangalore Package of Practices,VERIFIED
Tomato,late_blight,Late Blight,Phytophthora infestans,,Water-soaked irregular pale green lesions on leaves rapidly turning dark brown/black; white fungal downy growth on leaf undersides under high humidity; rapid vine collapse.,Critical,ICAR-IIHR Bengaluru & TNAU Crop Protection,VERIFIED
Tomato,bacterial_wilt,Bacterial Wilt,Ralstonia solanacearum,,Rapid complete wilting of green plant without initial yellowing; vascular browning visible upon stem cross-section; bacterial streaming in clear water.,Critical,KAU Package of Practices & ICAR-IIHR,VERIFIED
Tomato,tomato_leaf_curl_virus,Tomato Leaf Curl Virus,Tomato leaf curl New Delhi virus (ToLCNDV),,Upward curling and puckering of leaf margins; reduction in leaflet size; interveinal chlorosis; severe stunting and bushy appearance with flower dropping.,Severe,ICAR-IIHR & ANGRAU Vyavasaya Panchangam,VERIFIED
Paddy / Rice,blast_(leaf_and_neck_blast),Blast (Leaf and Neck Blast),Magnaporthe oryzae (Pyricularia oryzae),,Spindle-shaped elliptical eye spots with grey/whitish centers and dark brown margins; blackened rotten panicle neck causing chaffy grain heads (neck blast).,Critical,ICAR-IIRR Hyderabad & TNAU Agritech Portal,VERIFIED
Paddy / Rice,bacterial_leaf_blight_(blb),Bacterial Leaf Blight (BLB),Xanthomonas oryzae pv. oryzae,,Water-soaked stripes starting at leaf tips and margins undulating downwards; turns straw-yellow to dirty white; bacterial oozes visible as tiny golden beads on dew mornings; kresek phase in seedlings.,Severe,ICAR-IIRR & ANGRAU Vyavasaya Panchangam,VERIFIED
Paddy / Rice,sheath_blight,Sheath Blight,Rhizoctonia solani,,Greenish-grey oval or irregular water-soaked spots on leaf sheaths; lesions enlarge with bleached grey centers and dark reddish-brown borders; sclerotial bodies develop on lesions.,Severe,TNAU Agritech Portal & KAU Package of Practices,VERIFIED
Chilli,anthracnose_/_fruit_rot_&_dieback,Anthracnose / Fruit Rot & Dieback,Colletotrichum capsici (Colletotrichum truncatum),,"Sunken, circular to oval lesions with black concentric rings of fungal acervuli on ripe fruits; tips of branches wither, dry and turn ash grey downwards (dieback).",Severe to Critical,"ANGRAU Regional Agricultural Research Station (Lam, Guntur)",VERIFIED
Chilli,chilli_leaf_curl_complex,Chilli Leaf Curl Complex,Chilli leaf curl virus (ChiLCV) & Thrips/Mite complex,,"Upward curling and canoeing of leaves (thrips/virus) or downward cupping with inverted boat shape (yellow mite); leaves turn leathery, brittle and crinkled.",Severe,UAS Dharwad & TNAU Crop Protection,VERIFIED
Cotton,bacterial_blight_/_angular_leaf_spot_/_blackarm,Bacterial Blight / Angular Leaf Spot / Blackarm,Xanthomonas citri pv. malvacearum,,Angular water-soaked spots bounded by leaf veinlets; lesions turn brown to black; blackarm lesion girdles branches; circular water-soaked sunken spots on bolls.,Severe,ICAR-CICR Regional Station Coimbatore & UAS Dharwad,VERIFIED
Cotton,fusarium_wilt,Fusarium Wilt,Fusarium oxysporum f. sp. vasinfectum,,Yellowing and browning along leaf margins extending inwards; wilting starts from lower leaves upwards; dark brown vascular discoloration inside peeled taproot.,Critical,UAS Dharwad & TNAU Agritech Portal,VERIFIED
Sugarcane,red_rot,Red Rot,Colletotrichum falcatum,,Third or fourth leaf from top yellows and withers; split cane reveals internal tissue reddened with characteristic white transverse bands perpendicular to stalk; alcoholic odor.,Critical,ICAR-Sugarcane Breeding Institute (SBI) Coimbatore,VERIFIED
Coconut,basal_stem_rot_/_tanjore_wilt,Basal Stem Rot / Tanjore Wilt,Ganoderma lucidum (Ganoderma applanatum),,"Exudation of dark reddish-brown gummy fluid from trunk base; basal bark decay; outer leaves yellow, droop and hang skirt-like around stem; bracket-shaped fungal fructifications (conks) emerge at trunk base.",Critical,ICAR-CPCRI Kasaragod & TNAU Coconut Portal,VERIFIED
Coconut,bud_rot,Bud Rot,Phytophthora palmivora,,"Central spindle leaf yellows, turns brown and rots; foul decaying odor from crown heart; spindle easily slips out upon gentle pull; death of palm if heart bud decays.",Critical,ICAR-CPCRI Kasaragod & KAU Agri-Infotech,VERIFIED
Maize / Corn,maydis_leaf_blight_/_southern_corn_leaf_blight,Maydis Leaf Blight / Southern Corn Leaf Blight,Bipolaris maydis (Cochliobolus heterostrophus),,Small diamond-shaped to elongated rectangular lesions delimited by leaf veins; buff to brown centers with darker reddish borders; coalescing lesions cause complete leaf blight.,Moderate to Severe,ICAR-Indian Institute of Maize Research (IIMR) & UAS Bangalore,VERIFIED
Wheat,black_/_stem_rust,Black / Stem Rust,Puccinia graminis f. sp. tritici,,"Reddish-brown elongated pustules (uredinia) that rupture epidermis exposing brown powdery spores; as plant matures, pustules turn black (telia).",Severe to Critical,UAS Dharwad Department of Plant Pathology,VERIFIED
Coffee,coffee_leaf_rust,Coffee Leaf Rust,Hemileia vastatrix,,Pale yellow circular spots on upper surface; bright orange-yellow powdery pustules of uredospores on matching lower surface; severe defoliation and dieback of twigs.,Critical,Central Coffee Research Institute (CCRI Balehonnur) / Coffee Board of India,VERIFIED
Tea,blister_blight,Blister Blight,Exobasidium vexans,,Circular pale yellow translucent spots on tender leaf blades; lesion bulges into concave blister on upper surface with corresponding white powdery convex velvet on lower surface; tender stem breakage.,Critical,UPASI Tea Research Institute (Valparai) & TNAU,VERIFIED
Rubber,abnormal_leaf_fall,Abnormal Leaf Fall,Phytophthora meadii (Phytophthora botryosa),,Water-soaked lesion on leaf petiole with a drop of coagulated latex in center; green leaflets shed while still fresh; green fruit capsules rot and shrivel on branches.,Critical,Rubber Research Institute of India (RRII Kottayam) / Rubber Board,VERIFIED
Tobacco,black_shank,Black Shank,Phytophthora nicotianae,,Blackening and necrosis of stem at soil level (shank); internal stem pith splits into disc-like plates separated by empty gaps; leaves wilt rapidly.,Severe to Critical,ICAR-Central Tobacco Research Institute (CTRI Rajahmundry),VERIFIED
Black Pepper,quick_wilt_/_foot_rot,Quick Wilt / Foot Rot,Phytophthora capsici,,Dark blackish-brown lesion at collar region near ground; rapid foliar wilting without preliminary chlorosis; complete defoliation and vine collapse within 2 weeks.,Critical,ICAR-Indian Institute of Spices Research (IISR Kozhikode),VERIFIED
Cardamom,azhukal_disease_/_capsule_rot,Azhukal Disease / Capsule Rot,Phytophthora nicotianae var. nicotianae (Phytophthora meadii),,Water-soaked lesions on young capsules which turn dull brownish-black and rot with foul odor; infected capsules shed prematurely from panicle.,Critical,Indian Cardamom Research Institute (ICRI Myladumpara) & ICAR-IISR,VERIFIED
Turmeric,leaf_spot,Leaf Spot,Colletotrichum curcumae,,Elliptical to oblong brown spots with greyish-white centers and dark brown borders; yellow halo around spots; spots coalesce causing extensive drying of foliage.,Moderate to Severe,TNAU Agritech Portal & PJTSAU Crop Manual,VERIFIED
Arecanut / Betel Nut,fruit_rot_/_koleroga_/_mahali,Fruit Rot / Koleroga / Mahali,Phytophthora meadii,,"Water-soaked dark green lesions near nut calyx; affected nuts rot, lose luster and shed in enormous quantities forming a green/brown carpet on ground; white mycelial mass coats shed nuts.",Critical,ICAR-CPCRI Regional Station Vittal & UAS Dharwad,VERIFIED
Cashew,anthracnose_and_inflorescence_blight,Anthracnose and Inflorescence Blight,Colletotrichum gloeosporioides,,Brown water-soaked necrotic lesions on floral panicles; drying and blackening of panicles (blight); black scabby lesions on tender cashew apples and developing nuts; gummy exudate on twigs.,Severe,ICAR-Directorate of Cashew Research (DCR Puttur) & TNAU,VERIFIED
