pesticide_product,manufacturer,active_ingredient,formulation,target_crop,target_pest_or_disease,purpose,chemical_group,toxicity_label_triangle,waiting_period_phi_days,application_information,safety_information,registration_information,regulatory_restrictions,source,source_url,region,verification_status
Baan 75 WP / Beam 75 WP,Indofil Industries / Corteva Agriscience,Tricyclazole 75% WP,WP (Wettable Powder),Paddy / Rice,"Leaf Blast, Neck Blast, Node Blast (Pyricularia oryzae)",Systemic protective and curative fungicide inhibiting melanin biosynthesis,Triazolobenzothiazole,Yellow (Highly Toxic) / Blue (Moderately Toxic as per formulation),30 days,Approved CIBRC dosage: 300-400 g/ha (0.6g/L water). Apply at first sign of blast and repeat at boot leaf / panicle emergence.,Wear protective clothing and gloves; do not spray against the wind; poisonous to fish and aquatic fauna; avoid skin contact.,"CIBRC Reg. No. CIR-54,231/99-Tricyclazole (WP)-412 (Insecticides Act 1968)",Approved for Rice blast under CIBRC Major Uses. Note: Export rice to EU subject to strict 0.01 mg/kg MRL restrictions.,"Directorate of Plant Protection, Quarantine & Storage (DPPQS) CIBRC Major Uses",https://ppqs.gov.in,"All India (Major use in AP, TN, Telangana, Karnataka, Kerala)",VERIFIED
Contaf Plus 5 SC,Rallis India Limited (Tata Enterprises),Hexaconazole 5% SC,SC (Suspension Concentrate),"Paddy / Rice, Mango, Groundnut","Sheath Blight (Rhizoctonia solani), Powdery Mildew, Tikka leaf spot",Broad-spectrum systemic triazole fungicide with protective and curative action,Triazole (Ergosterol demethylation inhibitor),Blue (Moderately Toxic),"30 days for rice, 40 days for mango",Approved CIBRC dosage: 1000 ml/ha (2ml/L water). Direct spray to the base of tillers where sheath lesions originate.,Harmful if swallowed or absorbed through skin; keep away from animal feed and water bodies; wash thoroughly after handling.,"CIBRC Reg. No. CIR-28,912/98-Hexaconazole (SC)-114",Approved for Rice sheath blight under CIBRC. Follow prescribed pre-harvest interval.,CIBRC Major Uses of Fungicides (DPPQS),https://ppqs.gov.in,All India (South Indian rice tracts),VERIFIED
Coragen 18.5 SC,FMC India Private Limited,Chlorantraniliprole 18.5% SC,SC (Suspension Concentrate),"Paddy / Rice, Tomato, Cotton, Sugarcane, Maize, Chilli","Yellow Stem Borer, Leaf Folder, Fruit Borer (Helicoverpa), American Bollworm, Early Shoot Borer, Fall Armyworm",Anthranilic diamide insecticide activating ryanodine receptor channels in insect muscle cells causing feeding cessation and paralysis,Anthranilic Diamide (IRAC Group 28),Green (Slightly Toxic - High mammalian safety margin),Rice: 47 days; Tomato: 3 days; Cotton: 9 days; Sugarcane: 200 days; Chilli: 3 days,Approved CIBRC dosage: 150 ml/ha (0.3ml/L water) for tomato/rice/chilli; 200 ml/ha for sugarcane early shoot borer. Target early instar larvae.,"Very safe to non-target predatory beneficials, spiders, and bees when applied at recommended rates. Dispose of empty containers safely.","CIBRC Reg. No. CIR-61,789/2009-Chlorantraniliprole (SC)-182","Approved for stem borers, bollworms, and fruit borers across major field and vegetable crops under CIBRC.",CIBRC Major Uses of Insecticides (DPPQS),https://ppqs.gov.in,"All India (Widely utilized in Karnataka, AP, Telangana, TN)",VERIFIED
Dithane M-45 / Indofil M-45,Indofil Industries Limited / UPL Limited,Mancozeb 75% WP,WP (Wettable Powder),"Tomato, Chilli, Paddy, Potato, Groundnut, Grapes","Early Blight, Late Blight, Anthracnose, Fruit Rot, Brown Spot, Tikka spot",Broad-spectrum contact protective dithiocarbamate fungicide with multi-site activity,Dithiocarbamate (Zinc and Manganese complex),Blue (Moderately Toxic),Tomato: 3-5 days; Chilli: 7 days; Paddy: 15 days,Approved CIBRC dosage: 1.5 - 2.0 kg/ha (2.0 - 2.5 g/L water). Apply as prophylactic spray prior to rain or immediately upon first lesion detection.,"Irritating to eyes, respiratory system and skin; wear protective goggles and mask; toxic to fish.","CIBRC Reg. No. CIR-1,234/71-Mancozeb (WP)-8",Approved broad-spectrum fungicide under Insecticides Act 1968.,DPPQS CIBRC Major Uses of Fungicides,https://ppqs.gov.in,All India,VERIFIED
Pegasus 50 WP,Syngenta India Limited,Diafenthiuron 50% WP,WP (Wettable Powder),"Cotton, Chilli, Tomato, Brinjal, Cabbage","Whitefly (Bemisia tabaci), Thrips, Yellow Mites, Diamondback Moth",Pro-insecticide activated by sunlight/enzymes to carbodiimide; inhibits mitochondrial ATP synthase,Thiourea derivative (IRAC Group 12A),Blue (Moderately Toxic),Cotton: 30 days; Chilli: 7 days; Tomato: 5 days,Approved CIBRC dosage: 600 g/ha (1.2g/L water). Apply when sunshine is bright for maximum photolytic activation.,Avoid inhalation of spray mist; wear protective clothing; toxic to aquatic organisms and bees if directly sprayed on open blooms.,"CIBRC Reg. No. CIR-48,512/2004-Diafenthiuron (WP)-219",Approved for sucking pest management in cotton and solanaceous vegetables under CIBRC.,CIBRC Major Uses of Insecticides (DPPQS),https://ppqs.gov.in,All India,VERIFIED
Blitox 50 WP / Blue Copper,Tata Rallis / Crystal Crop Protection,Copper Oxychloride 50% WP,WP (Wettable Powder),"Coconut, Arecanut, Black Pepper, Cardamom, Coffee, Rubber, Tomato, Cotton","Bud Rot, Koleroga (Fruit Rot), Quick Wilt (Foot rot), Coffee Rust, Abnormal Leaf Fall, Bacterial Blight",Inorganic protective broad-spectrum contact fungicide and bactericide releasing cupric ions,Inorganic Copper,Blue (Moderately Toxic),Tomato: 3 days; Plantation crops: 15-30 days,Approved dosage: 2.5 to 3.0 g/L water (or 10% paste for trunk wounds). Essential component of plantation pre-monsoon schedules.,Corrosive to metals; rinse spray tank after use; avoid breathing spray dust; do not apply in hot direct mid-day sun to avoid phytotoxicity.,CIBRC Reg. No. CIR-892/71-Copper Oxychloride (WP)-12,Approved for agricultural use; widely permitted in integrated crop protection schedules across South India.,DPPQS CIBRC Major Uses of Fungicides,https://ppqs.gov.in,All India (Vital for Western Ghats plantation tracts),VERIFIED
Pexalon 10 SC,Corteva Agriscience India Private Limited,Triflumezopyrim 10% SC,SC (Suspension Concentrate),Paddy / Rice,"Brown Plant Hopper (Nilaparvata lugens), Whitebacked Plant Hopper (Sogatella furcifera)",Mesoionic insecticide binding to nicotinic acetylcholine receptor (nAChR) causing immediate cessation of feeding,Mesoionic pyrimidinium (IRAC Group 4E),Blue (Moderately Toxic),21 days,Approved CIBRC dosage: 235 ml/ha (0.48ml/L water). Single application at early hopper threshold (1-2 hoppers/tiller); direct nozzle to base of tillers.,"Minimal disruption to beneficial natural enemies (spiders, mirid bugs); handle with standard PPE.","CIBRC Reg. No. CIR-142,390/2017-Triflumezopyrim (SC)-481",Approved exclusively for rice planthoppers under CIBRC. Observe single application per season resistance management guideline.,CIBRC Major Uses of Insecticides (DPPQS),https://ppqs.gov.in,"Rice growing states (Andhra Pradesh, Telangana, Tamil Nadu, Karnataka)",VERIFIED
Ridomil Gold MZ 68 WG / Krilaxyl MZ 72 WP,Syngenta India / UPL Limited,Metalaxyl-M 4% + Mancozeb 64% (or Metalaxyl 8% + Mancozeb 64% WP),WP / WG (Wettable Powder / Water Dispersible Granule),"Tomato, Potato, Black Pepper, Cardamom, Grapes","Late Blight (Phytophthora infestans), Foot Rot (Phytophthora capsici), Azhukal (Phytophthora nicotianae), Downy Mildew",Dual-action combination of systemic acylalanine (inhibiting fungal ribosomal RNA synthesis) and contact protectant,Phenylamide + Dithiocarbamate,Blue (Moderately Toxic),Tomato: 5 days; Black Pepper: 30 days,Approved CIBRC dosage: 1.5 - 2.0 kg/ha (2.0g/L water). Spray or drench soil around foot rot affected vine collars.,Wear rubber gloves and mask during mixing; do not exceed 2-3 consecutive applications to prevent resistance development.,"CIBRC Reg. No. CIR-25,618/97-Metalaxyl+Mancozeb-142",Approved under CIBRC. Strict resistance management: must alternate with multi-site contact fungicides (Bordeaux mixture/Copper Oxychloride).,DPPQS CIBRC Major Uses of Fungicides,https://ppqs.gov.in,All India,VERIFIED
Endosulfan / Monocrotophos (on vegetables) / Phorate (restricted),Various manufacturers (Historical),Endosulfan 35% EC / Monocrotophos 36% SL / Phorate 10G,EC / SL / Granule,PROHIBITED / BANNED / RESTRICTED,Banned from recommendation,RESTRICTED REGULATORY STATUS BENCHMARK,Organochlorine / Organophosphate,Red (Extremely Toxic) / Yellow (Highly Toxic),NOT APPLICABLE - BANNED,DO NOT APPLY: Endosulfan is completely banned nationwide by the Supreme Court of India. Monocrotophos is banned for use on vegetables and fruit crops under Gazette S.O. 3951(E).,"Extremely high toxicity to humans, mammals, and aquatic ecology; severe persistence and bioaccumulation.",Gazette Notification S.O. 3951(E) & Insecticides Act 1968 Schedule of Banned Pesticides,STRICTLY PROHIBITED IN KRISHI MARGA: Under no circumstances should these banned chemicals be recommended to farmers.,Central Insecticides Board & Registration Committee Banned List (DPPQS),https://ppqs.gov.in,Republic of India,VERIFIED (BANNED/RESTRICTED STATUS CONFIRMED)
