name,professional_designation,specialization,organization,district,state,address,phone,email,website,source_url,verification_date,source_type,services,crop_specialization,facility_type,verification_status
"Department of Plant Pathology, UAS Bangalore",Professor & Head / Seed & Crop Health Specialists,"Crop Disease Diagnosis, Seed Health Testing, Fungal & Viral Pathology","University of Agricultural Sciences (UAS), Bangalore",Bengaluru Urban,Karnataka,"Department of Plant Pathology, College of Agriculture, GKVK Campus, Bellary Road, Bengaluru - 560065",080-23330153,shtpp@uasbangalore.edu.in,https://uasbangalore.edu.in,https://uasbangalore.edu.in,2026-09-11,Official State Agricultural University Portal,"Clinical leaf sample diagnosis, fungal culture identification, seed health testing, farmer advisory clinics","Tomato, Maize, Ragi, Paddy, Pulses",University Department of Plant Pathology,VERIFIED
"Division of Crop Protection, ICAR-IIHR",Principal Scientists (Plant Pathology & Entomology),"Horticultural Crop Pathology, Nematology & Integrated Pest Management",ICAR-Indian Institute of Horticultural Research (IIHR),Bengaluru Rural,Karnataka,"Hessaraghatta Lake Post, Bengaluru - 560089, Karnataka",080-23086100,director.iihr@icar.gov.in,https://iihr.res.in,https://iihr.res.in,2026-09-11,ICAR National Research Institute,"Advanced diagnostic clinic for fruit and vegetable diseases, virus indexing, biocontrol cultures (Arka Microbial Consortium)","Tomato, Chilli, Brinjal, Banana, Mango, Papaya",National ICAR Horticultural Research Division,VERIFIED
Dr. V. B. Sanath Kumar,"Professor & Head, Plant Pathology","Plant Pathology, Sugarcane & Paddy Disease Management","Zonal Agricultural Research Station (ZARS), V.C. Farm, UAS Bangalore",Mandya,Karnataka,"ZARS, V.C. Farm, Mandya - 571405, Karnataka",+91 9449113311,sanath.kumar7@gmail.com,https://uasbangalore.edu.in,https://uasbangalore.edu.in,2026-09-11,Official University Faculty Directory,"Sugarcane red rot diagnosis, rice blast and sheath blight clinical consultation, field scouting","Sugarcane, Paddy, Ragi",Zonal Agricultural Research Station (ZARS),VERIFIED
"Department of Plant Pathology, UAS Dharwad",Professor & University Plant Pathologists,"Cotton, Wheat, Chilli and Soybean Pathology","University of Agricultural Sciences (UAS), Dharwad",Dharwad,Karnataka,"College of Agriculture, UAS Dharwad Campus, Yettinagudda, Dharwad - 580005",0836-2214420,pathology@uasd.in,https://uasd.edu,https://uasd.edu,2026-09-11,Official State Agricultural University Portal,"Diagnostic clinic for cotton wilts and foliar diseases, rust identification in wheat, chilli anthracnose testing","Cotton, Wheat, Chilli, Soybean, Groundnut",University Department of Plant Pathology,VERIFIED
Central Plantation Crops Research Institute (CPCRI) Regional Station Vittal,Head & Principal Scientists (Crop Protection),Arecanut & Cocoa Pathology and Pest Management,ICAR-Central Plantation Crops Research Institute (CPCRI),Dakshina Kannada,Karnataka,"ICAR-CPCRI Regional Station, Vittal - 574243, Dakshina Kannada, Karnataka",08255-239238,cpcrivtl@gmail.com,https://cpcri.gov.in,https://cpcri.gov.in,2026-09-11,ICAR National Research Institute,"Koleroga/Mahali diagnosis, Yellow leaf disease testing, areca frond sample examination, biocontrol supply","Arecanut, Cocoa, Coconut",ICAR Regional Plantation Crops Research Station,VERIFIED
Central Coffee Research Institute (CCRI Balehonnur),"Head, Division of Plant Pathology","Coffee Leaf Rust, Black Rot, Stem Borer & Plantation Pathology","Coffee Board of India, Ministry of Commerce & Industry",Chikkamagaluru,Karnataka,"CCRI, Balehonnur, Chikmagalur District - 577117, Karnataka",08266-251041,ccri@coffeeboard.gov.in,https://coffeeboard.gov.in,https://coffeeboard.gov.in,2026-09-11,Statutory Commodity Board Research Institute,"Coffee rust race identification, coffee stem borer diagnostic clinic, shade tree health consultation","Coffee (Arabica & Robusta), Black Pepper (intercrop)",Central Commodity Research Institute,VERIFIED
"Department of Plant Pathology, TNAU Coimbatore",Professor & Head / University Crop Pathologists,"Plant Virology, Bacteriology, Mycology & Biological Control",Tamil Nadu Agricultural University (TNAU),Coimbatore,Tamil Nadu,"Centre for Plant Protection Studies (CPPS), TNAU, Coimbatore - 641003",+91 422 6611226,pathology@tnau.ac.in,https://tnau.ac.in,https://tnau.ac.in,2026-09-11,Official State Agricultural University Portal,"Clinical plant pathology lab, mobile pest and disease clinic, biocontrol agent mother cultures (Trichoderma, Pseudomonas)","Rice, Cotton, Sugarcane, Tomato, Chilli, Coconut",University Centre for Plant Protection Studies,VERIFIED
ICAR-Sugarcane Breeding Institute (Crop Protection Division),Principal Scientists (Plant Pathology & Entomology),"Sugarcane Red Rot, Smut, Wilt & Borer Complexes",ICAR-Sugarcane Breeding Institute (SBI),Coimbatore,Tamil Nadu,"ICAR-SBI, Veerakeralam, Coimbatore - 641007, Tamil Nadu",0422-2472621,director.sbi@icar.gov.in,https://sugarcane.icar.gov.in,https://sugarcane.icar.gov.in,2026-09-11,ICAR National Institute,"Sugarcane sett pathology testing, molecular detection of red rot, tissue culture health certification",Sugarcane,National ICAR Commodity Institute,VERIFIED
Tamil Nadu Rice Research Institute (TRRI Aduthurai),"Professor & Head, Plant Pathology","Rice Pathology, Blast, Bacterial Blight & Sheath Rot",Tamil Nadu Agricultural University (TNAU),Thanjavur,Tamil Nadu,"TRRI, Aduthurai, Thanjavur District - 612101, Tamil Nadu",0435-2472098,dirtrri@tnau.ac.in,https://tnau.ac.in,https://tnau.ac.in,2026-09-11,Agricultural University Zonal Research Station,"Cauvery Delta paddy disease diagnosis, flood-submergence bacterial disease screening, pest surveillance","Paddy / Rice, Blackgram (fallow crop)",Zonal Rice Research Institute,VERIFIED
UPASI Tea Research Institute (Plant Pathology Division),"Head, Plant Pathology & Crop Protection","Tea Blister Blight, Wood Rot, Tea Mosquito Bug Management",United Planters' Association of Southern India (UPASI),Coimbatore / Valparai Hills,Tamil Nadu,"Nirar Dam BPO, Valparai, Coimbatore District - 642127, Tamil Nadu",04253-235301,director@upasi.org,https://upasi.org,https://upasi.org,2026-09-11,Commodity Planters' Research Institute,"Blister blight forecasting, fungicide resistance testing, residue analysis, plantation health audit","Tea, Cardamom",Specialized Plantation Crop Research Institute,VERIFIED
"Department of Plant Pathology, Agricultural College and Research Institute (AC&RI) Madurai","Professor & Head, Plant Pathology",Foliar and Soil-borne Diseases of Southern Dry Zones,Tamil Nadu Agricultural University (TNAU),Madurai,Tamil Nadu,"AC&RI, Othakadai, Madurai - 625104, Tamil Nadu",0452-2422956,deanagrimdu@tnau.ac.in,https://tnau.ac.in,https://tnau.ac.in,2026-09-11,University College Department of Plant Pathology,"Plant disease clinic for southern Tamil Nadu districts, mushroom spawn production, diagnostic advisory","Paddy, Cotton, Pulses, Vegetables",University Regional Agricultural College,VERIFIED
Dr. N. V. Radhakrishnan,"Professor & Head, Department of Plant Pathology","Tropical Plant Virology, Soil Borne Pathogens & Biological Control","College of Agriculture, Vellayani, Kerala Agricultural University (KAU)",Thiruvananthapuram,Kerala,"College of Agriculture, Vellayani, Thiruvananthapuram - 695522, Kerala",9446283898,radhakrishnan.nv@kau.in,https://kau.in,https://kau.in,2026-09-11,Official State Agricultural University Directory,"Plant disease clinic, root health inspection, safe-to-eat vegetable disease certification","Coconut, Vegetables, Banana, Tapioca",University College Department of Plant Pathology,VERIFIED
"Division of Crop Protection, ICAR-CPCRI Kasaragod",Head & Principal Scientists (Plant Pathology & Entomology),"Coconut & Arecanut Root Wilt, Bud Rot, Stem Bleeding, Basal Stem Rot",ICAR-Central Plantation Crops Research Institute (CPCRI),Kasaragod,Kerala,"Kudlu Post, Kasaragod - 671124, Kerala",+91 4994-232893,director.cpcri@icar.gov.in,https://cpcri.gov.in,https://cpcri.gov.in,2026-09-11,ICAR National Research Institute,"Reference diagnosis for coconut phytoplasma root wilt, fungal rot pathogen isolation, biological control agent supply","Coconut, Arecanut, Cocoa",National Plantation Crops Research Institute,VERIFIED
"Division of Crop Protection, ICAR-IISR Kozhikode","Head, Crop Protection Division (Pathology, Nematology, Entomology)","Spices Pathology, Phytophthora Quick Wilt, Nematode Complexes",ICAR-Indian Institute of Spices Research (IISR),Kozhikode,Kerala,"Marikunnu Post, Kozhikode (Calicut) - 673012, Kerala",0495-2731410,directorspices@gmail.com,https://spices.res.in,https://spices.res.in,2026-09-11,ICAR National Research Institute,"Phytophthora indexing of black pepper vines, diagnostic clinics for cardamom and ginger/turmeric diseases, biocontrol Trichoderma IISR-6","Black Pepper, Cardamom, Turmeric, Ginger, Nutmeg",National Spices Research Institute,VERIFIED
"Department of Plant Pathology, College of Agriculture Padannakkad","Professor & Head, Plant Pathology",Rice and Coastal Plantation Pathology,Kerala Agricultural University (KAU),Kasaragod,Kerala,"College of Agriculture, Padannakkad, Nileshwar, Kasaragod - 671314, Kerala",8547195426,hodpath.coav@kau.in,https://kau.in,https://kau.in,2026-09-11,University College Department of Plant Pathology,"Diagnostic lab for north Kerala farmers, paddy blight identification, coconut frond inspection","Paddy, Coconut, Arecanut, Pepper",University Regional Agricultural College,VERIFIED
"Cardamom Research Station, Pampadumpara (KAU)",Professor & Plant Pathologist,"Highland Spices Pathology, Azhukal Disease, Chenthal, Capsule Rot",Kerala Agricultural University (KAU),Idukki,Kerala,"CRS, Pampadumpara, Idukki District - 685556, Kerala",04868-236263,crspams@kau.in,https://kau.in,https://kau.in,2026-09-11,Agricultural University Research Station,"Clinical diagnostics for Cardamom Hills planters, weather-based fungicide spray scheduling","Cardamom, Black Pepper, Ginger",Specialized Spices Research Station,VERIFIED
Dr. M. K. Jyothsna / Dr. M. Pradeep,Professors of Plant Pathology,"Groundnut, Tomato & Rice Pathology","S.V. Agricultural College, ANGRAU",Tirupati,Andhra Pradesh,"Department of Plant Pathology, S.V. Agricultural College, Tirupati - 517502, AP",9704203409 / 9494968021,mk.jyothsna@angrau.ac.in,https://angrau.ac.in,https://angrau.ac.in,2026-09-11,Official University Faculty Directory,"Rayalaseema farmer diagnostic clinic, viral testing of tomato and groundnut foliage, pathogen isolation","Tomato, Groundnut, Paddy, Chilli",University Agricultural College Department,VERIFIED
"Regional Agricultural Research Station (RARS Lam, Guntur)",Principal Scientists (Plant Pathology & Entomology),"Chilli Anthracnose, Cotton Bacterial Blight & Wilt, Whitefly Complexes",Acharya N.G. Ranga Agricultural University (ANGRAU),Guntur,Andhra Pradesh,"RARS Lam, Guntur - 522034, Andhra Pradesh",0863-2347101,rarslam@angrau.ac.in,https://angrau.ac.in,https://angrau.ac.in,2026-09-11,Agricultural University Regional Research Station,"Guntur chilli pest and disease diagnostic centre, pesticide efficacy trials, cotton disease diagnostic clinic","Chilli, Cotton, Blackgram, Maize",Zonal Regional Agricultural Research Station,VERIFIED
ICAR-Central Tobacco Research Institute (CTRI Rajahmundry),"Head, Division of Crop Protection","Tobacco Pathology (Black Shank, Mosaic, Brown Spot) and Entomology",ICAR-Central Tobacco Research Institute (CTRI),East Godavari,Andhra Pradesh,"ICAR-CTRI, Bhaskar Nagar, Rajahmundry - 533105, Andhra Pradesh",0883-2449871,directorctri@gmail.com,https://ctri.icar.gov.in,https://ctri.icar.gov.in,2026-09-11,ICAR National Institute,"Tobacco disease diagnostic clinic, soil pathogen testing, certified disease-free nursery certification","Tobacco, Pulses, Maize",National Commodity Research Institute,VERIFIED
Dr. B. Vidyasagar,"Professor & Head, Department of Plant Pathology","Cereal and Grain Legume Pathology, Seed Pathology","College of Agriculture, PJTSAU, Rajendranagar",Rangareddy,Telangana,"College of Agriculture, PJTSAU, Rajendranagar, Hyderabad - 500030",8179526928,bvidyasagar24@gmail.com,https://pjtau.edu.in,https://pjtau.edu.in,2026-09-11,Official University Faculty Directory,"Diagnostic clinic for Telangana farmers, plant disease clinic on campus, seed pathology advisory","Paddy, Maize, Cotton, Redgram",University Department of Plant Pathology,VERIFIED
"Division of Crop Protection, ICAR-IIRR Hyderabad",Head & Principal Scientists (Plant Pathology & Entomology),"Rice Blast, Sheath Blight, Bacterial Blight, BPH, Stem Borer",ICAR-Indian Institute of Rice Research (IIRR),Hyderabad,Telangana,"ICAR-IIRR, Rajendranagar, Hyderabad - 500030, Telangana",040-24591241,iirricar@gmail.com,https://icar-iirr.org,https://icar-iirr.org,2026-09-11,ICAR National Institute,"All India Coordinated Rice Pathology network, national virulence monitoring for blast and blight, resistance screening",Paddy / Rice,National Commodity Research Institute,VERIFIED
Regional Agricultural Research Station (RARS Warangal),Principal Scientist (Plant Pathology),"Cotton and Chilli Pathology, Yellow Mosaic, Wilt",Professor Jayashankar Telangana State Agricultural University (PJTSAU),Warangal,Telangana,"RARS, Mulugu Road, Warangal - 506007, Telangana",0870-2550186,rars_wgl@yahoo.co.in,https://pjtau.edu.in,https://pjtau.edu.in,2026-09-11,Agricultural University Regional Research Station,"Diagnostic support for Warangal cotton and chilli farmers, pesticide resistance monitoring","Cotton, Chilli, Maize, Paddy",Zonal Regional Agricultural Research Station,VERIFIED
NO VERIFIED PUBLIC CONTACT FOUND,UNAVAILABLE,UNAVAILABLE,District Agricultural Department (General Extension Only - No Dedicated University Pathology Clinic),Yadadri Bhuvanagiri,Telangana,"District Collectorate, Bhuvanagiri",NOT FOUND,NOT FOUND,NOT FOUND,https://telangana.gov.in,2026-09-11,Public Directory Audit,General extension only; farmers referred to PJTSAU Rajendranagar or RARS Warangal for laboratory diagnosis,"Paddy, Cotton",District Extension (Non-Specialist),NO VERIFIED PUBLIC CONTACT FOUND
NO VERIFIED PUBLIC CONTACT FOUND,UNAVAILABLE,UNAVAILABLE,District Agricultural Department (General Extension Only),Tenkasi,Tamil Nadu,"District Collectorate Complex, Tenkasi",NOT FOUND,NOT FOUND,NOT FOUND,https://tn.gov.in,2026-09-11,Public Directory Audit,General extension only; farmers referred to AC&RI Killikulam (Thoothukudi) or TNAU Coimbatore for pathology diagnostics,"Paddy, Pulses",District Extension (Non-Specialist),NO VERIFIED PUBLIC CONTACT FOUND
NO VERIFIED PUBLIC CONTACT FOUND,UNAVAILABLE,UNAVAILABLE,District Agricultural Office (No Dedicated University Pathology Lab),Chamarajanagar,Karnataka,"B.R. Hills Road, Chamarajanagar",NOT FOUND,NOT FOUND,NOT FOUND,https://karnataka.gov.in,2026-09-11,Public Directory Audit,General extension only; farmers referred to ZARS Mandya (VC Farm) or UAS Bangalore for plant pathology clinics,"Turmeric, Sugarcane, Banana",District Extension (Non-Specialist),NO VERIFIED PUBLIC CONTACT FOUND
