crop,sha256,split,class,filename,is_cross_split_leakage
Cotton,f4c7a3c30f487dd83dfc6bb83acdbd5b6899d61b03c908ce95ed7a5071fab080,train,bacterial_blight,bact355.jpg,False
Cotton,f4c7a3c30f487dd83dfc6bb83acdbd5b6899d61b03c908ce95ed7a5071fab080,train,bacterial_blight,2015-angular-leaf-spot-colquitt-county-2.jpg,False
Cotton,050e0c2101f3d9403c65278df68b0497cbfe8f5236873d4f57bc75734ec1c746,train,bacterial_blight,bact258.png,False
Cotton,050e0c2101f3d9403c65278df68b0497cbfe8f5236873d4f57bc75734ec1c746,train,bacterial_blight,bact189.png,False
Cotton,b7f6b08d556b1f1e150c398cebb83918a35c8b41a8514552107d532677e40c65,train,bacterial_blight,bact248.png,False
Cotton,b7f6b08d556b1f1e150c398cebb83918a35c8b41a8514552107d532677e40c65,train,bacterial_blight,bact179.png,False
Cotton,fad7e9bc68bc082f19686a9b849daa8296f6fd9f51e015d1820bf7c3ffed1e0c,train,bacterial_blight,bact85.jpg,False
Cotton,fad7e9bc68bc082f19686a9b849daa8296f6fd9f51e015d1820bf7c3ffed1e0c,train,bacterial_blight,bact81.jpg,False
Cotton,0a8e4c6da610815b793177b4264893714ec238fb38b8e28b9388f59ce6b19b57,train,bacterial_blight,bact181.png,False
Cotton,0a8e4c6da610815b793177b4264893714ec238fb38b8e28b9388f59ce6b19b57,train,bacterial_blight,bact250.png,False
Cotton,56ab970bc0e0c5be5eed630da5d0cf28f70bda8c0fa5dd897e0d60ef4a6a2423,train,bacterial_blight,P1010086jpg - Copy.jpg,True
Cotton,56ab970bc0e0c5be5eed630da5d0cf28f70bda8c0fa5dd897e0d60ef4a6a2423,test,bacterial_blight,P1010086jpg.jpg,True
Cotton,e1199cd7131494d802f90622f52b37889f9afe36523ff259a7fc5ff16bb860dd,train,bacterial_blight,bact249.png,False
Cotton,e1199cd7131494d802f90622f52b37889f9afe36523ff259a7fc5ff16bb860dd,train,bacterial_blight,bact180.png,False
Cotton,4fcf070714ffbe15a99cdeb05b4a346a72154b535580b26e0ccb99d5eca592fa,train,bacterial_blight,bact445.jpg,False
Cotton,4fcf070714ffbe15a99cdeb05b4a346a72154b535580b26e0ccb99d5eca592fa,train,bacterial_blight,bact443.jpg,False
Cotton,0f92d953d76977672834dda1f6b53e92c46264e1e6c9f201b01e73288eb5006e,train,bacterial_blight,bact255.png,False
Cotton,0f92d953d76977672834dda1f6b53e92c46264e1e6c9f201b01e73288eb5006e,train,bacterial_blight,bact186.png,False
Cotton,2633ee4224e4fd90031797b886b832b8945be3ff081a53fbd011a92eca5402ce,train,bacterial_blight,bact187.png,False
Cotton,2633ee4224e4fd90031797b886b832b8945be3ff081a53fbd011a92eca5402ce,train,bacterial_blight,bact256.png,False
Cotton,6f6301b66ee0f388349eb5790cdc162d97036e8dd466d40c04a4d9c601cca895,train,bacterial_blight,bact395.png,True
Cotton,6f6301b66ee0f388349eb5790cdc162d97036e8dd466d40c04a4d9c601cca895,valid,bacterial_blight,bact396.png,True
Cotton,9dd9334a8e3486c8e10f593a86993f76cd000045f54a495900b5711d7a74bc74,train,bacterial_blight,bb.jpg,True
Cotton,9dd9334a8e3486c8e10f593a86993f76cd000045f54a495900b5711d7a74bc74,valid,bacterial_blight,bact439.jpg,True
Cotton,9dd9334a8e3486c8e10f593a86993f76cd000045f54a495900b5711d7a74bc74,test,bacterial_blight,bb - Copy.jpg,True
Cotton,b56d57c0df2c254c9ed03d95d39a2a0956830a662e4431fa6b4caa6e3c9bb2bc,train,bacterial_blight,bact188.png,True
Cotton,b56d57c0df2c254c9ed03d95d39a2a0956830a662e4431fa6b4caa6e3c9bb2bc,test,bacterial_blight,bact257.png,True
Cotton,b7e10387a9d1f36062e3b57578db129614cccf32d9dbcd0c6726da3e1dc8d614,train,bacterial_blight,bact447.jpg,False
Cotton,b7e10387a9d1f36062e3b57578db129614cccf32d9dbcd0c6726da3e1dc8d614,train,bacterial_blight,bact447 - Copy.jpg,False
Cotton,8cdf7dfd71f2855d73e1b3bd6f84671e9d44d009c997784062d1e7b3e3a0db75,train,bacterial_blight,leaf-blight-7-13-16-225x300 - Copy.jpg,False
Cotton,8cdf7dfd71f2855d73e1b3bd6f84671e9d44d009c997784062d1e7b3e3a0db75,train,bacterial_blight,leaf-blight-7-13-16-225x300.jpg,False
Cotton,45a50fc674916c37b8fbeb9da3c085c124e2d5dd03e398489bd425f71d29c075,train,curl_virus,curl301.jpg,True
Cotton,45a50fc674916c37b8fbeb9da3c085c124e2d5dd03e398489bd425f71d29c075,valid,curl_virus,curl381.jpg,True
Cotton,87aa01c6d066a6759f3cab61524907eb953a757aac1738a9969f9e4be3b9b66b,train,curl_virus,curl157.jpg,True
Cotton,87aa01c6d066a6759f3cab61524907eb953a757aac1738a9969f9e4be3b9b66b,test,curl_virus,curl216.jpg,True
Cotton,473b613d4103cfa21661a499c858bf51b03a795e0f613746b935c21822268099,train,curl_virus,curl0.jpg,True
Cotton,473b613d4103cfa21661a499c858bf51b03a795e0f613746b935c21822268099,train,curl_virus,curl45 - Copy.jpg,True
Cotton,473b613d4103cfa21661a499c858bf51b03a795e0f613746b935c21822268099,test,curl_virus,curl45.jpg,True
Cotton,5f4731b1039cd03050a09bf5da8ba684657e25a826f28b7cfb4e9ce49a44d522,train,curl_virus,curl163.jpg,False
Cotton,5f4731b1039cd03050a09bf5da8ba684657e25a826f28b7cfb4e9ce49a44d522,train,curl_virus,curl372.jpg,False
Cotton,27d07a864d5e9ff8042d108f4cf03bed0b407046bdc266dd16e8b9839336b29e,train,curl_virus,curl115.jpg,False
Cotton,27d07a864d5e9ff8042d108f4cf03bed0b407046bdc266dd16e8b9839336b29e,train,curl_virus,curl117.jpg,False
Cotton,db96ed00953718fc75bed68c9719fdb09eb97140e49ae4ecc64f3d0607e3a4ed,train,curl_virus,curl363.jpg,False
Cotton,db96ed00953718fc75bed68c9719fdb09eb97140e49ae4ecc64f3d0607e3a4ed,train,curl_virus,curl42.jpg,False
Cotton,a0c6285f4c400e7885eb07c50deb6aa80f4ccafb83191ab7bd5fa52ae6ac3e0f,train,curl_virus,curl118.jpg,False
Cotton,a0c6285f4c400e7885eb07c50deb6aa80f4ccafb83191ab7bd5fa52ae6ac3e0f,train,curl_virus,curl114.jpg,False
Cotton,c899c1647ed1d85483804c2387e3ae417d498fc5ebc780f6fb4d6b383840b8cc,train,curl_virus,curl91.jpg,False
Cotton,c899c1647ed1d85483804c2387e3ae417d498fc5ebc780f6fb4d6b383840b8cc,train,curl_virus,curl307.jpg,False
Cotton,5cd513473fa5ae47e9757eac5a0b3e95434ebad0e2a911021dc7710af1d6d2b4,train,curl_virus,curl308.jpg,False
Cotton,5cd513473fa5ae47e9757eac5a0b3e95434ebad0e2a911021dc7710af1d6d2b4,train,curl_virus,curl92.jpg,False
Cotton,e579273bc54da8184f14dd9e95e9487bbf43d521f500793f79e3c709205a4ca7,train,curl_virus,curl43.png,True
Cotton,e579273bc54da8184f14dd9e95e9487bbf43d521f500793f79e3c709205a4ca7,valid,curl_virus,curl50.png,True
Cotton,d0fdfca194d46475eb27c5ab5e593e480585071042f2600be49d9fec981e7ac6,train,curl_virus,curl376.jpg,False
Cotton,d0fdfca194d46475eb27c5ab5e593e480585071042f2600be49d9fec981e7ac6,train,curl_virus,curl57.jpg,False
Cotton,3ce9b730447836091dac34a5210a2bf6b2a36393ada655848359448d6068b998,train,curl_virus,curl382.jpg,False
Cotton,3ce9b730447836091dac34a5210a2bf6b2a36393ada655848359448d6068b998,train,curl_virus,curl302.jpg,False
Cotton,904c78e9ed2d38a9b2bd11fa94b4347ccbdc1b57e01a93ed7609284f3ca3d527,train,curl_virus,curl155.jpg,True
Cotton,904c78e9ed2d38a9b2bd11fa94b4347ccbdc1b57e01a93ed7609284f3ca3d527,valid,curl_virus,curl214.jpg,True
Cotton,c7c064e9f4cbd813bfc45e81d5b072d58b7aafd1a32ae5b284a7a453d196b543,train,curl_virus,curl215.jpg,False
Cotton,c7c064e9f4cbd813bfc45e81d5b072d58b7aafd1a32ae5b284a7a453d196b543,train,curl_virus,curl156.jpg,False
Cotton,cd092029e5b8153f977f85e2b2a444fc69c7e1b235c5ee7cd485cb3a5bf201d0,train,curl_virus,curl380.jpg,True
Cotton,cd092029e5b8153f977f85e2b2a444fc69c7e1b235c5ee7cd485cb3a5bf201d0,valid,curl_virus,curl300.jpg,True
Cotton,6d17e9c369c1355367d96175f8da8119353e81da86f78148eccdcf6f9103dd3f,train,curl_virus,curl17.jpg,False
Cotton,6d17e9c369c1355367d96175f8da8119353e81da86f78148eccdcf6f9103dd3f,train,curl_virus,curl267.jpg,False
Cotton,b6e16627c431fb5b7660f67d69e84ac5bacb973d9cd7134bbacf10825bf067cc,train,curl_virus,curl112.jpg,True
Cotton,b6e16627c431fb5b7660f67d69e84ac5bacb973d9cd7134bbacf10825bf067cc,train,curl_virus,images.jpg,True
Cotton,b6e16627c431fb5b7660f67d69e84ac5bacb973d9cd7134bbacf10825bf067cc,test,curl_virus,curl1 (2).jpg,True
Cotton,703f2ad924192506fd7e44171503e70a0ab69b054f461eee6c1ab84dc501c44b,train,curl_virus,curl162.jpg,True
Cotton,703f2ad924192506fd7e44171503e70a0ab69b054f461eee6c1ab84dc501c44b,valid,curl_virus,curl371.jpg,True
Cotton,e9a1664cd5c2fccbe501f0f7d083483bdf64abad0e5ea6dca28a88e2224e2df4,train,curl_virus,curl103.jpg,True
Cotton,e9a1664cd5c2fccbe501f0f7d083483bdf64abad0e5ea6dca28a88e2224e2df4,test,curl_virus,curl105.jpg,True
Cotton,68d667204aaa3b48be2f11ed3012b62d8b8300c9c1f54ac40077f22d9cbac222,train,curl_virus,curl148.jpg,True
Cotton,68d667204aaa3b48be2f11ed3012b62d8b8300c9c1f54ac40077f22d9cbac222,valid,curl_virus,curl147.jpg,True
Cotton,6d6d8cda4ddaa6e48b07f896ac5365d724b5abf16dcd92c299c40dbd6193e63a,train,curl_virus,curl343.jpg,False
Cotton,6d6d8cda4ddaa6e48b07f896ac5365d724b5abf16dcd92c299c40dbd6193e63a,train,curl_virus,curl8.jpg,False
Cotton,169a1246b6147424921ad54cd50f1b2131d800b523830b3ab2318664d838554f,train,curl_virus,curl130.jpg,False
Cotton,169a1246b6147424921ad54cd50f1b2131d800b523830b3ab2318664d838554f,train,curl_virus,curl126.jpg,False
Cotton,35e76b8f239db1ff104f2c53fdf219630e499d7ffa0dd2c0bf257eddc9703a0f,train,curl_virus,curl421.jpg,True
Cotton,35e76b8f239db1ff104f2c53fdf219630e499d7ffa0dd2c0bf257eddc9703a0f,test,curl_virus,images (2).jpg,True
Cotton,8f8928c6a3cd2622b5dc9d6f1a79dc8e7958289f832907ca25e3bc6fef83d988,train,curl_virus,curl93.jpg,False
Cotton,8f8928c6a3cd2622b5dc9d6f1a79dc8e7958289f832907ca25e3bc6fef83d988,train,curl_virus,curl309.jpg,False
Cotton,e29e273d2e2ca469efd0b5e22277f4086ebcdab355195e85640cddc9676212d6,train,curl_virus,curl190.jpg,True
Cotton,e29e273d2e2ca469efd0b5e22277f4086ebcdab355195e85640cddc9676212d6,test,curl_virus,curl186.jpg,True
Cotton,c220cf2afff10c89517792fa3df833e63dd1f364fa075338a3ae56f88b92ca73,train,curl_virus,curl379.jpg,True
Cotton,c220cf2afff10c89517792fa3df833e63dd1f364fa075338a3ae56f88b92ca73,valid,curl_virus,curlvirus1.jpg,True
Cotton,c220cf2afff10c89517792fa3df833e63dd1f364fa075338a3ae56f88b92ca73,valid,curl_virus,curl299.jpg,True
Cotton,c862c5378aafb52ba99a2b79a639e019f65e4c44ba4ee31b092c244e419d8058,train,curl_virus,cotton-leaf-curl-virus-cotton-1595427323.jpg,False
Cotton,c862c5378aafb52ba99a2b79a639e019f65e4c44ba4ee31b092c244e419d8058,train,curl_virus,curl387.jpg,False
Cotton,bfffea49db54baf976b5f2ce1486da96595bfae7fcb094d11a9b3c13948a9394,train,curl_virus,curl204.jpg,False
Cotton,bfffea49db54baf976b5f2ce1486da96595bfae7fcb094d11a9b3c13948a9394,train,curl_virus,curl199.jpg,False
Cotton,ea021972ec247a30348b29e02abbe8080af0a8ac350481200a336a9b456048ae,train,curl_virus,curl207.jpg,False
Cotton,ea021972ec247a30348b29e02abbe8080af0a8ac350481200a336a9b456048ae,train,curl_virus,curl205.jpg,False
Cotton,1a7d2d964647a875775e23885466b1212f287362c039f64f34bd8f0c5816823d,train,curl_virus,curl187.jpg,False
Cotton,1a7d2d964647a875775e23885466b1212f287362c039f64f34bd8f0c5816823d,train,curl_virus,curl189.jpg,False
Cotton,3f587caaef1726cf37a58b7c8a379679455088548e9d00cc91dffb114182bde7,train,curl_virus,curl131.jpg,False
Cotton,3f587caaef1726cf37a58b7c8a379679455088548e9d00cc91dffb114182bde7,train,curl_virus,curl127.jpg,False
Cotton,d02c7804cb070120a0b128425397bd34728df9d9faf4639746039b171c94760b,train,curl_virus,curl250.jpg,True
Cotton,d02c7804cb070120a0b128425397bd34728df9d9faf4639746039b171c94760b,test,curl_virus,curl250 - Copy.jpg,True
Cotton,e786ab8861c3287d831cedf3e451bc38abd61ea5ecfa43e44039202c53d13d66,train,fussarium_wilt,done6.jpg,True
Cotton,e786ab8861c3287d831cedf3e451bc38abd61ea5ecfa43e44039202c53d13d66,valid,fussarium_wilt,fus41.jpg,True
Cotton,c8d8eb759a5334cfc072672c057b9d9c09ae56c37368acd1ee4b43214cec19ce,train,fussarium_wilt,done17.jpg,False
Cotton,c8d8eb759a5334cfc072672c057b9d9c09ae56c37368acd1ee4b43214cec19ce,train,fussarium_wilt,fus159.jpg,False
Cotton,1a22e182676bca9bff5a64f60e125c9fa4677009d07f8fb5ddebe366780030d1,train,fussarium_wilt,Figure-2B.png,False
Cotton,1a22e182676bca9bff5a64f60e125c9fa4677009d07f8fb5ddebe366780030d1,train,fussarium_wilt,done23.png,False
Cotton,4b16290ecdfb88bc26bcea24ccadd754926d250768750e79d6e15ae72f9471a6,train,fussarium_wilt,foliar-damage-from-fusarium-oxysporum.png,False
Cotton,4b16290ecdfb88bc26bcea24ccadd754926d250768750e79d6e15ae72f9471a6,train,fussarium_wilt,fus346.png,False
Cotton,6ad215d2405ddafe3f8ee0d1c22b2855f00ae41672676ff4984032d7632d70d3,train,fussarium_wilt,done10.jpg,False
Cotton,6ad215d2405ddafe3f8ee0d1c22b2855f00ae41672676ff4984032d7632d70d3,train,fussarium_wilt,fus84.jpg,False
Cotton,aa4749970a26e454ecef3c1e255897734d41389608694a3e7bdc0f5c30f37351,train,fussarium_wilt,done14.jpg,False
Cotton,aa4749970a26e454ecef3c1e255897734d41389608694a3e7bdc0f5c30f37351,train,fussarium_wilt,fus136.jpg,False
Cotton,2b11a5261ce80796dd146daa869c2bf19433555c29efa061136acb7cc8c69732,train,fussarium_wilt,done16.jpg,False
Cotton,2b11a5261ce80796dd146daa869c2bf19433555c29efa061136acb7cc8c69732,train,fussarium_wilt,fus153.jpg,False
Cotton,ea3aa95595b3babd645616d75f872d93f2b72776b1033b6fc3d4ef4999a937c3,train,fussarium_wilt,fus24.jpg,False
Cotton,ea3aa95595b3babd645616d75f872d93f2b72776b1033b6fc3d4ef4999a937c3,train,fussarium_wilt,fus20.jpg,False
Cotton,fc1c1b5512b037daf435c7452f9181b523c467e20944ae0f5c0fe110e32ef43a,train,fussarium_wilt,fus198.jpg,False
Cotton,fc1c1b5512b037daf435c7452f9181b523c467e20944ae0f5c0fe110e32ef43a,train,fussarium_wilt,done20.jpg,False
Cotton,fd1ea34ca1b8d2aeb87409a8f066cbf6b3bc95a7a454ebb0376edc2fd494aaa9,train,fussarium_wilt,fus309.JPG,False
Cotton,fd1ea34ca1b8d2aeb87409a8f066cbf6b3bc95a7a454ebb0376edc2fd494aaa9,train,fussarium_wilt,fus310.JPG,False
Cotton,78030e7257ec1760a52340ba270683aa3a1665b3bfcc9477902492528555888c,train,fussarium_wilt,fus175.jpg,False
Cotton,78030e7257ec1760a52340ba270683aa3a1665b3bfcc9477902492528555888c,train,fussarium_wilt,done19.jpg,False
Cotton,1e5c1a775c0cd0ed1bf96bb09b6eac7e579e459baae453ce800ced6587b06c8a,train,fussarium_wilt,fus64.jpg,False
Cotton,1e5c1a775c0cd0ed1bf96bb09b6eac7e579e459baae453ce800ced6587b06c8a,train,fussarium_wilt,done8 (2).jpg,False
Cotton,914591b49dcc7c5355933158fcaf04dea0148018116989abf3a7bf51ebc9d42f,train,fussarium_wilt,done21.jpg,True
Cotton,914591b49dcc7c5355933158fcaf04dea0148018116989abf3a7bf51ebc9d42f,valid,fussarium_wilt,FOV4-leaf-symptoms-courtesy-UC-Davis_468x351.jpg,True
Cotton,1401db92f344a43f4d47e2e8efc8694131664da8b9c3350b6c987e9e5c884ea9,train,fussarium_wilt,done11.jpg,False
Cotton,1401db92f344a43f4d47e2e8efc8694131664da8b9c3350b6c987e9e5c884ea9,train,fussarium_wilt,fus116.jpg,False
Cotton,e428385eeb0748f0ea0a0bd126cad79bab8be9b8a181f66e567726a9e2e9210c,train,fussarium_wilt,done13.jpg,False
Cotton,e428385eeb0748f0ea0a0bd126cad79bab8be9b8a181f66e567726a9e2e9210c,train,fussarium_wilt,fus128.jpg,False
Cotton,22a25a1f1d6184ed734f0eaebe5ec09d402f83ecb5830237f91de7180c4d298c,train,fussarium_wilt,fus33.jpg,True
Cotton,22a25a1f1d6184ed734f0eaebe5ec09d402f83ecb5830237f91de7180c4d298c,test,fussarium_wilt,done5.jpg,True
Cotton,c4f84cbc232bc56dac2677959b6e091ffd639c4d46e7c2e4cad615a253c9cb59,train,fussarium_wilt,fus167.jpg,True
Cotton,c4f84cbc232bc56dac2677959b6e091ffd639c4d46e7c2e4cad615a253c9cb59,valid,fussarium_wilt,done18.jpg,True
Cotton,75b9a266a6609d710c7a5a1aa06a3f41e14ea20e2b6d378423985bc32847cec0,train,fussarium_wilt,Figure-2A.png,False
Cotton,75b9a266a6609d710c7a5a1aa06a3f41e14ea20e2b6d378423985bc32847cec0,train,fussarium_wilt,fus222.png,False
Cotton,5e1d5ba04dbdeeaef30170cb72a5be09ded29b3aaeaf50bb37526c46c2669bca,train,fussarium_wilt,fus144.png,False
Cotton,5e1d5ba04dbdeeaef30170cb72a5be09ded29b3aaeaf50bb37526c46c2669bca,train,fussarium_wilt,done15.png,False
Cotton,b8aaabfa87d5d62ca42669fd5f3d42d72ddf8fcab620a12da1696144fab14fac,train,fussarium_wilt,fus9.jpg,True
Cotton,b8aaabfa87d5d62ca42669fd5f3d42d72ddf8fcab620a12da1696144fab14fac,test,fussarium_wilt,done.jpg,True
Cotton,e1ae28c9ebad6eb60117881090c250757a1d39c10f05bcac41348807ceb52b98,train,fussarium_wilt,fus16.jpg,True
Cotton,e1ae28c9ebad6eb60117881090c250757a1d39c10f05bcac41348807ceb52b98,test,fussarium_wilt,done1.jpg,True
Cotton,2ea48fcef90b07c3129d64f71f531b87ddd0290936479735b2d1eae0b9583cd5,train,fussarium_wilt,fus120.jpg,False
Cotton,2ea48fcef90b07c3129d64f71f531b87ddd0290936479735b2d1eae0b9583cd5,train,fussarium_wilt,done12.jpg,False
Cotton,edc67cc73301eaf0a852e7eec0f84457e7f5b2d2a25fdccec3bc0cc80e911da9,train,fussarium_wilt,fus72.jpg,True
Cotton,edc67cc73301eaf0a852e7eec0f84457e7f5b2d2a25fdccec3bc0cc80e911da9,test,fussarium_wilt,done9.jpg,True
Cotton,bcd72e18267d8a5f471ae27066f9c952e6dbbd44dffc01a56bdcccd7392487b1,train,healthy,h95.jpg,False
Cotton,bcd72e18267d8a5f471ae27066f9c952e6dbbd44dffc01a56bdcccd7392487b1,train,healthy,h91.jpg,False
Cotton,554f300cb83d8c06c68ebd8a37dcb855e6f61b5d6be6a6190faa056078b1ac1f,train,healthy,h294.jpg,False
Cotton,554f300cb83d8c06c68ebd8a37dcb855e6f61b5d6be6a6190faa056078b1ac1f,train,healthy,h296.jpg,False
Cotton,e7691d30ac567290743e98cf3ff0a72f452db5a935ccdfe21b988d195b7d43a4,train,healthy,h276.jpg,False
Cotton,e7691d30ac567290743e98cf3ff0a72f452db5a935ccdfe21b988d195b7d43a4,train,healthy,h398.jpg,False
Cotton,0dcba20fa80b03489f712471251135b89a52a9b543ab867294af2e6a94a48d67,train,healthy,h394.jpg,False
Cotton,0dcba20fa80b03489f712471251135b89a52a9b543ab867294af2e6a94a48d67,train,healthy,h4201.jpg,False
Cotton,0dcba20fa80b03489f712471251135b89a52a9b543ab867294af2e6a94a48d67,train,healthy,h401.jpg,False
Cotton,acb7bd8fba2aa294142285f701b546a72e6bfe81c2031e69b78fe2de4d774b03,train,healthy,h420.jpg,False
Cotton,acb7bd8fba2aa294142285f701b546a72e6bfe81c2031e69b78fe2de4d774b03,train,healthy,h425.jpg,False
Cotton,5e363a84faa09e481803f5096704205c6723471aef22945779c1bf9ffffee103,train,healthy,h245.jpg,False
Cotton,5e363a84faa09e481803f5096704205c6723471aef22945779c1bf9ffffee103,train,healthy,h241.jpg,False
Cotton,7f441f376f2cdc2f590a34a321d132ccc43d61cb5c93017ec045f797444b912a,train,healthy,h404.jpg,False
Cotton,7f441f376f2cdc2f590a34a321d132ccc43d61cb5c93017ec045f797444b912a,train,healthy,h334.jpg,False
Cotton,79e844a8533f3231f4753f1c677abc83a5e36eac83db0d1733fa2592f9618646,train,healthy,h140.jpg,False
Cotton,79e844a8533f3231f4753f1c677abc83a5e36eac83db0d1733fa2592f9618646,train,healthy,h137.jpg,False
Cotton,6cf6e2b249bb1e070b0dbd6c81c540c6b1d6ca2cd302b04723a0b92624a7a7d7,train,healthy,h220.png,False
Cotton,6cf6e2b249bb1e070b0dbd6c81c540c6b1d6ca2cd302b04723a0b92624a7a7d7,train,healthy,h219.png,False
Cotton,686592f9bb254df8ba516aea20f48358473b30c867e1e6d8ea82c6996d8b5108,train,healthy,h484.png,False
Cotton,686592f9bb254df8ba516aea20f48358473b30c867e1e6d8ea82c6996d8b5108,train,healthy,h378.png,False
Cotton,fb6640f94b3cd4c2e1389f5d69792c749b71d1a4c2f87596ab115d4f2107bfca,train,healthy,h212.jpg,False
Cotton,fb6640f94b3cd4c2e1389f5d69792c749b71d1a4c2f87596ab115d4f2107bfca,train,healthy,h211.jpg,False
Cotton,f67dbb73bf2bfdfe07ae3a4d9b388edb31bbb50e5dc315c9bdc2d6b18b9ddc90,train,healthy,h66.jpg,True
Cotton,f67dbb73bf2bfdfe07ae3a4d9b388edb31bbb50e5dc315c9bdc2d6b18b9ddc90,valid,healthy,h65.jpg,True
Cotton,a7f5ab25150b53a95dc27fdaa76c496520207d7de21e1edad12e4f335bd39c67,train,healthy,h321.jpg,False
Cotton,a7f5ab25150b53a95dc27fdaa76c496520207d7de21e1edad12e4f335bd39c67,train,healthy,h318.jpg,False
Cotton,c8ff17e44968016e3eb5b0372173b98bd0439c435d9fade79217571a20bab9c5,train,healthy,h477.jpg,True
Cotton,c8ff17e44968016e3eb5b0372173b98bd0439c435d9fade79217571a20bab9c5,valid,healthy,h447.jpg,True
Cotton,0b3c03b45845e91669cc5d627d0993570d652c6e2c41dcaf68f28a56d5626eda,train,healthy,h195.jpg,False
Cotton,0b3c03b45845e91669cc5d627d0993570d652c6e2c41dcaf68f28a56d5626eda,train,healthy,h194.jpg,False
Cotton,0b3c03b45845e91669cc5d627d0993570d652c6e2c41dcaf68f28a56d5626eda,train,healthy,h192.jpg,False
Cotton,581b5fe4eae46a4fecfe93cf5a2bd5a4c50dc4b6a4927ab492eee371bcb95dab,train,healthy,h309.jpg,False
Cotton,581b5fe4eae46a4fecfe93cf5a2bd5a4c50dc4b6a4927ab492eee371bcb95dab,train,healthy,h114.jpg,False
Cotton,a36bd2c00282d5e6cce83688a35c68b93a15c40d8fd9d2479eeda1664f21584f,train,healthy,h179.jpg,True
Cotton,a36bd2c00282d5e6cce83688a35c68b93a15c40d8fd9d2479eeda1664f21584f,valid,healthy,h177.jpg,True
Cotton,d928c123f22a406417ddf9fd53689715ec5c925d68a40d4dfd3f0a03bdfc2e35,train,healthy,h147.jpg,False
Cotton,d928c123f22a406417ddf9fd53689715ec5c925d68a40d4dfd3f0a03bdfc2e35,train,healthy,h155.jpg,False
Cotton,ae7d14e0d5a747eeca75b880ef3808e1b66d64546f9c15ba81f9b833f4a8e8c7,train,healthy,h303.jpg,True
Cotton,ae7d14e0d5a747eeca75b880ef3808e1b66d64546f9c15ba81f9b833f4a8e8c7,valid,healthy,h301.jpg,True
Cotton,77fcc3d3fdda33fed460311e3ec8bdec8ced26e08b6dedc99057b101343367d0,train,healthy,555.jpg,True
Cotton,77fcc3d3fdda33fed460311e3ec8bdec8ced26e08b6dedc99057b101343367d0,valid,healthy,h484.jpg,True
Cotton,06037909a51c0078f96dfef00883209ddf19cf0441046d330c2cb07d6f9f9fbc,train,healthy,h109.jpg,True
Cotton,06037909a51c0078f96dfef00883209ddf19cf0441046d330c2cb07d6f9f9fbc,valid,healthy,h108.jpg,True
Cotton,cbe24bdecb527b5258521b8f55e319eeebef2b963822b8ad124d2557815b478c,train,healthy,h295.jpg,True
Cotton,cbe24bdecb527b5258521b8f55e319eeebef2b963822b8ad124d2557815b478c,test,healthy,h302.jpg,True
Cotton,ad810cfd280fb98e1afae9712811acc8d13e35059b5024c0900c8562737c698d,train,healthy,h395.jpg,False
Cotton,ad810cfd280fb98e1afae9712811acc8d13e35059b5024c0900c8562737c698d,train,healthy,h279.jpg,False
Cotton,a63227c7929db544e221b8d9d393e3d536c4988ea1ca3013259a0710794d8287,train,healthy,h277.jpg,True
Cotton,a63227c7929db544e221b8d9d393e3d536c4988ea1ca3013259a0710794d8287,train,healthy,h341.jpg,True
Cotton,a63227c7929db544e221b8d9d393e3d536c4988ea1ca3013259a0710794d8287,valid,healthy,h399.jpg,True
Cotton,043baea8c07def7d5fe78cbb90ad1538c6e38b546536b0cef98c8aaa4e920e5b,train,healthy,h202.jpg,False
Cotton,043baea8c07def7d5fe78cbb90ad1538c6e38b546536b0cef98c8aaa4e920e5b,train,healthy,h205.jpg,False
Cotton,a998e249ece27eafc9a1b9eeef02c6d15974a1586f1e08823203e30f0b9f2445,train,healthy,h392.jpg,True
Cotton,a998e249ece27eafc9a1b9eeef02c6d15974a1586f1e08823203e30f0b9f2445,valid,healthy,h416.jpg,True
Cotton,d05cbc8c0ad93d97c443281f7bed1db59c49401a5667c29e338f00788490c3dd,train,healthy,h389.jpg,False
Cotton,d05cbc8c0ad93d97c443281f7bed1db59c49401a5667c29e338f00788490c3dd,train,healthy,h386.jpg,False
Cotton,558d188e79887c6761b9e9907b31a9739cf303c5007a29adfe9f7b4f41bb2b69,train,healthy,h498.jpg,False
Cotton,558d188e79887c6761b9e9907b31a9739cf303c5007a29adfe9f7b4f41bb2b69,train,healthy,h388.jpg,False
Cotton,431558e8514cd45818fa57725b3e180f247ff5d83a926c4c3b4f12e6b4eaaef1,train,healthy,h125.jpg,False
Cotton,431558e8514cd45818fa57725b3e180f247ff5d83a926c4c3b4f12e6b4eaaef1,train,healthy,h130.jpg,False
Cotton,792cdfef53054f0cff33262f15d3b98dabdba25e916f0a8495a994d9f2498ef9,train,healthy,h154.jpg,True
Cotton,792cdfef53054f0cff33262f15d3b98dabdba25e916f0a8495a994d9f2498ef9,test,healthy,h152.jpg,True
Cotton,d3c98892fd4cb0217c48e3e8c1478c4fd731deaee761e1d2b2f1b4a4bdf62399,train,healthy,h51.jpg,False
Cotton,d3c98892fd4cb0217c48e3e8c1478c4fd731deaee761e1d2b2f1b4a4bdf62399,train,healthy,h47.jpg,False
Cotton,5764e11292d52c18954e936e1e34b2fa9c834e081aae19c3d9d0438135753ca2,train,healthy,h364.jpg,False
Cotton,5764e11292d52c18954e936e1e34b2fa9c834e081aae19c3d9d0438135753ca2,train,healthy,h260.jpg,False
Cotton,fbebbb3dca99b1587d9cbe1ffcd575ac0a638d6f9ebf0825b95cefbc13536a13,train,healthy,h390.jpg,False
Cotton,fbebbb3dca99b1587d9cbe1ffcd575ac0a638d6f9ebf0825b95cefbc13536a13,train,healthy,h488.jpg,False
Cotton,459889a40b1130e424b6b9c9ca313b5e4a2387922b1ae810894c6792412ce869,train,healthy,h354.jpg,False
Cotton,459889a40b1130e424b6b9c9ca313b5e4a2387922b1ae810894c6792412ce869,train,healthy,h350.jpg,False
Cotton,78ce2d9ad87e67588002a803d40b73111e7321bcd4a0cb9b867f7371e7e8cb02,train,healthy,h333.jpg,True
Cotton,78ce2d9ad87e67588002a803d40b73111e7321bcd4a0cb9b867f7371e7e8cb02,test,healthy,h396.jpg,True
Cotton,235236c0ec911a154c760f8501098567bd511d54dbf8bbd52ed658f475a9209e,train,healthy,h57.jpg,True
Cotton,235236c0ec911a154c760f8501098567bd511d54dbf8bbd52ed658f475a9209e,valid,healthy,h58.jpg,True
Cotton,241f27ac4b5d93378939389d0b0289dd7a9dd53a29357a0bb83eee2f50dd7316,valid,curl_virus,curl249 - Copy.jpg,True
Cotton,241f27ac4b5d93378939389d0b0289dd7a9dd53a29357a0bb83eee2f50dd7316,test,curl_virus,curl249.jpg,True
Cotton,bd3934bc31cc78e4138d2f6c18a894287e32a36565e1d4186f4a18c5a0459c0b,valid,curl_virus,curl255.jpg,True
Cotton,bd3934bc31cc78e4138d2f6c18a894287e32a36565e1d4186f4a18c5a0459c0b,test,curl_virus,curl258.jpg,True
Cotton,431918ede7353ef369bab34c6ed0d31e3986730eed22d0cba08acb7ef7e48b5f,valid,curl_virus,curl373.jpg,True
Cotton,431918ede7353ef369bab34c6ed0d31e3986730eed22d0cba08acb7ef7e48b5f,test,curl_virus,curl164.jpg,True
Cotton,c282123080b516a051537a8a458505ae0fe7512fd06904267d4f84d988084503,valid,fussarium_wilt,fus57.jpg,True
Cotton,c282123080b516a051537a8a458505ae0fe7512fd06904267d4f84d988084503,test,fussarium_wilt,done8.jpg,True
Cotton,0738c49bc3dce9ec805563a900f332d2bf5b55e34d97ffb491a952ff6f245b28,valid,healthy,h41.jpg,False
Cotton,0738c49bc3dce9ec805563a900f332d2bf5b55e34d97ffb491a952ff6f245b28,valid,healthy,h42.jpg,False
Cotton,b89130b988676543aacda5d42fb17b20b8308ac24ea333729b2059fb0f1ac114,valid,healthy,h305.jpg,True
Cotton,b89130b988676543aacda5d42fb17b20b8308ac24ea333729b2059fb0f1ac114,test,healthy,h289.jpg,True
